accession	strain	subtype	year	source	in_both	host	gisaid_clade	length
EPI_ISL_379681	A/Bat/Egypt/381OP/2017	H9N2	2017	GISAID	yes	Bat	Y-like	1705
MT319760.1	A/Broiler	H9	2019	GenBank	yes	Broiler chicken		852
EPI_ISL_504063	A/Broiler_chicken/Egypt/Bahig/2019	H9	2019	GISAID	no	Host	G5.6	852
EPI_ISL_504060	A/Broiler_chicken/Egypt/King-mariot/2018	H9	2018	GISAID	no	Gallus gallus domesticus	G5.6	852
EPI_ISL_504062	A/Broiler_chicken/Egypt/North-coast-K48/2019	H9	2019	GISAID	no	Host	G5.6	852
EPI_ISL_4061717	A/broiler/Egypt/H9-3/2018	H9N2	2018	GISAID	yes	Gallus gallus domesticus	G5.6	1260
EPI_ISL_14224172	A/cattle_egret/Egypt/61/2019	H9N2	2019	GISAID	yes	Host	G5.6	2084
PZ562678.1	A/chicken	H9	2026	GenBank	yes	Chicken (Broiler)		183
EPI_ISL_14224171	A/chicken-Cobb/Egypt/104/2019	H9N2	2019	GISAID	yes	Chicken	G5.6	1401
EPI_ISL_20481853	A/chicken_(Broiler)/DakahliaGovernorate/AGA-2/2026	H9	2026	GISAID	no	Chicken	G5.6	182
EPI_ISL_20481850	A/chicken_(Broiler)/DakahliaGovernorate/Dakahlia-12/2026	H9	2026	GISAID	no	Chicken	G5.6	183
EPI_ISL_20481855	A/chicken_(Broiler)/DakahliaGovernorate/Hafeer-42/2026	H9	2026	GISAID	no	Chicken	G5.6	183
EPI_ISL_20481852	A/chicken_(Broiler)/DamiettaGovernorate/Faraskour-27/2026	H9	2026	GISAID	no	Chicken	G5.6	183
EPI_ISL_503735	A/chicken_broiler/Elbeheira/9H9/2019	H9N2	2019	GISAID	yes	Host	G5.6	372
EPI_ISL_503737	A/chicken_broiler/Mansoura/16H9/2019	H9N2	2019	GISAID	yes	Host	G5.6	373
EPI_ISL_503736	A/chicken_broiler/Zagazig/10H9/2019	H9N2	2019	GISAID	yes	Host	G5.6	373
EPI_ISL_503738	A/chicken_broiler/Zagazig/17H9/2019	H9N2	2019	GISAID	yes	Host	G5.6	373
OR534280.1	A/chicken/Dakahlia/B150-56/2022	H9N2	2022	GenBank	no	chicken		1077
EPI_ISL_329696	A/chicken/Egypt/1/2014	H9N2	2014	GISAID	yes	Chicken	G5.6	1644
EPI_ISL_329704	A/chicken/Egypt/10/2016	H9N2	2016	GISAID	yes	Chicken	G5.6	1611
EPI_ISL_283159	A/Chicken/Egypt/102VL/2015	H9N2	2015	GISAID	no	Gallus gallus	G5.6	1647
EPI_ISL_119617	A/chicken/Egypt/111959VG/2011	H9N2	2011	GISAID	yes	Chicken	G5.6	1694
EPI_ISL_119205	A/chicken/Egypt/114915V/2011	H9N2	2011	GISAID	yes	Chicken	G5.6	1715
EPI_ISL_105051	A/chicken/Egypt/114922v/2011	H9N2	2011	GISAID	yes	Chicken	G5.6	1691
EPI_ISL_105052	A/chicken/Egypt/114940v/2011	H9N2	2011	GISAID	yes	Chicken	G5.6	1739
EPI_ISL_124053	A/chicken/Egypt/115418V/2011	H9N2	2011	GISAID	yes	Chicken	G5.6	1647
EPI_ISL_124054	A/chicken/Egypt/115512V/2011	H9N2	2011	GISAID	yes	Chicken	G5.6	1657
EPI_ISL_119206	A/chicken/Egypt/115542V/2011	H9N2	2011	GISAID	yes	Chicken	G5.6	1533
EPI_ISL_119615	A/chicken/Egypt/115583V/2011	H9N2	2011	GISAID	yes	Chicken	G5.6	1625
EPI_ISL_119207	A/chicken/Egypt/115617V/2011	H9N2	2011	GISAID	yes	Chicken	G5.6	1715
EPI_ISL_119208	A/chicken/Egypt/115636V/2011	H9N2	2011	GISAID	yes	Chicken	G5.6	1716
EPI_ISL_105002	A/chicken/Egypt/11vir4453-132/VRLCU/2011	H9N2	2011	GISAID	no	Chicken	G5.6	1680
EPI_ISL_104827	A/chicken/Egypt/11vir4453-272/2011	H9N2	2011	GISAID	no	Chicken	G5.6	1631
EPI_ISL_104828	A/chicken/Egypt/11vir4453-273/2011	H9N2	2011	GISAID	no	Chicken	G5.6	1635
EPI_ISL_105001	A/chicken/Egypt/11vir4453-274/2011	H9N2	2011	GISAID	no	Chicken	G5.6	1675
EPI_ISL_104829	A/chicken/Egypt/11vir4453-275/2011	H9N2	2011	GISAID	no	Chicken	G5.6	1631
EPI_ISL_104830	A/chicken/Egypt/11vir4453-276/2010	H9N2	2010	GISAID	no	Chicken	G5.6	1683
EPI_ISL_104831	A/chicken/Egypt/11vir4453-280/2011	H9N2	2011	GISAID	no	Chicken	G5.6	1643
EPI_ISL_156590	A/chicken/Egypt/1210f/2012	H9N2	2012	GISAID	yes	Chicken	G5.6	343
EPI_ISL_205971	A/chicken/Egypt/12128VD/2012	H9N2	2012	GISAID	yes	Chicken	G5.6	1656
EPI_ISL_156585	A/chicken/Egypt/1217F/2012	H9N2	2012	GISAID	yes	Chicken	G5.6	343
EPI_ISL_119218	A/chicken/Egypt/12186F-9/2012	H9N2	2012	GISAID	yes	Chicken	G5.6	1710
EPI_ISL_162585	A/chicken/Egypt/1225VL/2012	H9N2	2012	GISAID	yes	Chicken	G5.6	1683
EPI_ISL_119210	A/chicken/Egypt/1226B/2012	H9N2	2012	GISAID	yes	Chicken	G5.6	1685
EPI_ISL_162587	A/chicken/Egypt/123140V/2012	H9N2	2012	GISAID	yes	Chicken	G5.6	1683
EPI_ISL_119211	A/chicken/Egypt/1231B/2012	H9N2	2012	GISAID	yes	Chicken	G5.6	1685
EPI_ISL_162588	A/chicken/Egypt/123243V/2012	H9N2	2012	GISAID	yes	Chicken	G5.6	1683
EPI_ISL_162589	A/chicken/Egypt/123245V/2012	H9N2	2012	GISAID	yes	Chicken	G5.6	1683
EPI_ISL_119212	A/chicken/Egypt/1232B/2012	H9N2	2012	GISAID	yes	Chicken	G5.6	1685
EPI_ISL_156586	A/chicken/Egypt/1235f/2012	H9N2	2012	GISAID	yes	Chicken	G5.6	343
EPI_ISL_156587	A/chicken/Egypt/1238f/2012	H9N2	2012	GISAID	yes	Chicken	G5.6	343
EPI_ISL_156588	A/chicken/Egypt/1239f/2012	H9N2	2012	GISAID	yes	Chicken	G5.6	343
EPI_ISL_119213	A/chicken/Egypt/1240V/2012	H9N2	2012	GISAID	yes	Chicken	G5.6	1691
EPI_ISL_119209	A/chicken/Egypt/124B/2012	H9N2	2012	GISAID	yes	Chicken	G5.6	1637
EPI_ISL_162586	A/chicken/Egypt/1256S/2012	H9N2	2012	GISAID	yes	Chicken	G5.6	1683
EPI_ISL_156589	A/chicken/Egypt/126f/2012	H9N2	2012	GISAID	yes	Chicken	G5.6	343
EPI_ISL_162592	A/chicken/Egypt/13139V/2013	H9N2	2013	GISAID	yes	Chicken	G5.6	1683
EPI_ISL_205972	A/chicken/Egypt/13342V/2013	H9N2	2013	GISAID	yes	Chicken	G5.6	1563
EPI_ISL_162590	A/chicken/Egypt/1339V/2013	H9N2	2013	GISAID	yes	Chicken	G5.6	1683
EPI_ISL_205973	A/chicken/Egypt/13488V/2013	H9N2	2013	GISAID	yes	Chicken	G5.6	1563
EPI_ISL_162593	A/chicken/Egypt/1373Vd/2013	H9N2	2013	GISAID	yes	Chicken	G5.6	1683
EPI_ISL_244796	A/chicken/Egypt/14153VS/2014	H9N2	2014	GISAID	yes	Chicken	G5.6	1679
EPI_ISL_244795	A/chicken/Egypt/141794V/2014	H9N2	2014	GISAID	yes	Chicken	G5.6	1679
EPI_ISL_205976	A/chicken/Egypt/14246V/2014	H9N2	2014	GISAID	yes	Chicken	G5.6	1563
EPI_ISL_205978	A/chicken/Egypt/142712V/2014	H9N2	2014	GISAID	yes	Chicken	G5.6	1548
EPI_ISL_205977	A/chicken/Egypt/1433RSF/2014	H9N2	2014	GISAID	yes	Chicken	G5.6	1563
EPI_ISL_244794	A/chicken/Egypt/1455V/2014	H9N2	2014	GISAID	yes	Chicken	G5.6	1679
EPI_ISL_205975	A/chicken/Egypt/1474V/2014	H9N2	2014	GISAID	yes	Chicken	G5.6	1563
EPI_ISL_327423	A/chicken/Egypt/15102VL/2015	H9N2	2015	GISAID	yes	Chicken	G5.6	1509
EPI_ISL_205981	A/chicken/Egypt/15106VL/2015	H9N2	2015	GISAID	yes	Chicken	G5.6	1642
EPI_ISL_327425	A/chicken/Egypt/15156VG/2015	H9N2	2015	GISAID	yes	Chicken	G5.6	1509
EPI_ISL_327438	A/chicken/Egypt/1519FAO-SF/2015	H9N2	2015	GISAID	yes	Chicken	G5.6	1509
EPI_ISL_327436	A/chicken/Egypt/151FAOFD/2015	H9N2	2015	GISAID	yes	Chicken	G5.6	1509
EPI_ISL_327422	A/chicken/Egypt/15226VD/2015	H9N2	2015	GISAID	yes	Chicken	G5.6	1509
EPI_ISL_327439	A/chicken/Egypt/1524F/2015	H9N2	2015	GISAID	yes	Chicken	G5.6	1509
EPI_ISL_244798	A/chicken/Egypt/152537V/2015	H9N2	2015	GISAID	yes	Chicken	G5.6	1679
EPI_ISL_205982	A/chicken/Egypt/15255VD/2015	H9N2	2015	GISAID	yes	Chicken	G5.6	1634
EPI_ISL_327424	A/chicken/Egypt/152979V/2015	H9N2	2015	GISAID	yes	Chicken	G5.6	1509
EPI_ISL_381728	A/chicken/Egypt/1529FAO-SF/2015	H9N2	2015	GISAID	yes	Chicken	G5.6	1509
EPI_ISL_381730	A/chicken/Egypt/1534FAOSf/2015	H9N2	2015	GISAID	yes	Chicken	G5.6	1509
EPI_ISL_327418	A/chicken/Egypt/15535V/2015	H9N2	2015	GISAID	yes	Chicken	G5.6	1509
EPI_ISL_381732	A/chicken/Egypt/1558VD/2015	H9N2	2015	GISAID	yes	Chicken	G5.6	1509
EPI_ISL_205979	A/chicken/Egypt/155FAOFL/2015	H9N2	2015	GISAID	yes	Chicken	G5.6	1541
EPI_ISL_205980	A/chicken/Egypt/1560VG/2015	H9N2	2015	GISAID	yes	Chicken	G5.6	1541
EPI_ISL_327419	A/chicken/Egypt/15685V/2015	H9N2	2015	GISAID	yes	Chicken	G5.6	1509
EPI_ISL_381731	A/chicken/Egypt/1568V/2015	H9N2	2015	GISAID	yes	Chicken	G5.6	1509
EPI_ISL_381729	A/chicken/Egypt/1572FAO-SL/2015	H9N2	2015	GISAID	yes	Chicken	G5.6	1509
EPI_ISL_327420	A/chicken/Egypt/15758V/2015	H9N2	2015	GISAID	yes	Chicken	G5.6	1509
EPI_ISL_381734	A/chicken/Egypt/15820VG/2015	H9N2	2015	GISAID	yes	Chicken	G5.6	1509
EPI_ISL_327421	A/chicken/Egypt/15848V/2015	H9N2	2015	GISAID	yes	Chicken	G5.6	1509
EPI_ISL_381735	A/chicken/Egypt/15860VG/2015	H9N2	2015	GISAID	yes	Chicken	G5.6	1509
EPI_ISL_244797	A/chicken/Egypt/158SG/2015	H9N2	2015	GISAID	yes	Chicken	G5.6	1679
EPI_ISL_327437	A/chicken/Egypt/16118FAOS/2016	H9N2	2016	GISAID	yes	Chicken	G5.6	1509
EPI_ISL_327427	A/chicken/Egypt/16194V/2016	H9N2	2016	GISAID	yes	Chicken	G5.6	1509
EPI_ISL_327433	A/chicken/Egypt/161970V/2016	H9N2	2016	GISAID	yes	Chicken	G5.6	1509
EPI_ISL_327428	A/chicken/Egypt/162041V/2016	H9N2	2016	GISAID	yes	Chicken	G5.6	1509
EPI_ISL_327429	A/chicken/Egypt/162049V/2016	H9N2	2016	GISAID	yes	Chicken	G5.6	1509
EPI_ISL_381733	A/chicken/Egypt/1625VG/2016	H9N2	2016	GISAID	yes	Chicken	G5.6	1509
EPI_ISL_327431	A/chicken/Egypt/1630VS/2016	H9N2	2016	GISAID	yes	Chicken	G5.6	1509
EPI_ISL_327432	A/chicken/Egypt/1635VS/2016	H9N2	2016	GISAID	yes	Chicken	G5.6	1509
EPI_ISL_327430	A/chicken/Egypt/16572V/2016	H9N2	2016	GISAID	yes	Chicken	G5.6	1509
EPI_ISL_327434	A/chicken/Egypt/1658SL/2016	H9N2	2016	GISAID	yes	Chicken	G5.6	1509
EPI_ISL_274188	A/chicken/Egypt/1685SL/2016	H9N2	2016	GISAID	yes	Chicken	G5.6	1679
EPI_ISL_381736	A/chicken/Egypt/171123V/2017	H9N2	2017	GISAID	yes	Chicken	G5.6	774
EPI_ISL_381738	A/chicken/Egypt/171595V/2017	H9N2	2017	GISAID	yes	Chicken	G5.6	1509
EPI_ISL_381737	A/chicken/Egypt/1774CAD/2017	H9N2	2017	GISAID	yes	Chicken	G5.6	1509
EPI_ISL_381739	A/chicken/Egypt/18558V/2018	H9N2	2018	GISAID	yes	Chicken	G5.6	1509
EPI_ISL_329697	A/chicken/Egypt/2/2014	H9N2	2014	GISAID	yes	Chicken	G5.6	1644
EPI_ISL_329698	A/chicken/Egypt/3/2015	H9N2	2015	GISAID	yes	Chicken	G5.6	1641
EPI_ISL_282927	A/Chicken/Egypt/374V/2016	H9N2	2016	GISAID	no	Gallus gallus	G5.6	1680
MH182632.1	A/chicken/Egypt/4/2014	H9N2	2014	GenBank	no	chicken		1644
EPI_ISL_308823	A/chicken/Egypt/48Ob-NRC-CU/2014	H9	2014	GISAID	yes	Chicken	G5.6	1709
EPI_ISL_329699	A/chicken/Egypt/5/2014	H9N2	2014	GISAID	yes	Chicken	G5.6	1644
EPI_ISL_283158	A/Chicken/Egypt/53RSF/2014	H9N2	2014	GISAID	no	Gallus gallus	G5.6	1636
EPI_ISL_329700	A/chicken/Egypt/6/2015	H9N2	2015	GISAID	yes	Chicken	G5.6	1623
EPI_ISL_329701	A/chicken/Egypt/7/2015	H9N2	2015	GISAID	yes	Chicken	G5.6	1623
EPI_ISL_329702	A/chicken/Egypt/8/2016	H9N2	2016	GISAID	yes	Chicken	G5.6	1563
EPI_ISL_329703	A/chicken/Egypt/9/2016	H9N2	2016	GISAID	yes	Chicken	G5.6	1575
EPI_ISL_379764	A/chicken/Egypt/A-chicken-1/2017	H9N2	2017	GISAID	yes	Chicken	G5.6	1662
PP345490.1	A/chicken/Egypt/A-chicken-Egypt-191959V-2019-HA/2019	H9N2	2019	GenBank	no	chicken		1463
PP345505.1	A/chicken/Egypt/A-chicken-Egypt-192691V-2019-HA/2019	H9N2	2019	GenBank	no	chicken		1463
PP345489.1	A/chicken/Egypt/A-chicken-Egypt-19359V-2019-HA/2019	H9N2	2019	GenBank	no	chicken		1463
PP345493.1	A/chicken/Egypt/A-chicken-Egypt-201181V-2020-HA/2019	H9N2	2019	GenBank	no	chicken		1463
PP345492.1	A/chicken/Egypt/A-chicken-Egypt-202467V-2020-HA/2019	H9N2	2019	GenBank	no	chicken		1463
PP345491.1	A/chicken/Egypt/A-chicken-Egypt-20564V-2020-HA/2019	H9N2	2019	GenBank	no	chicken		1463
PP345499.1	A/chicken/Egypt/A-chicken-Egypt-213102V-2021-HA/2019	H9N2	2019	GenBank	no	chicken		1463
PP345507.1	A/chicken/Egypt/A-chicken-Egypt-22108VG-2022-HA/2019	H9N2	2019	GenBank	no	chicken		1463
PP345508.1	A/chicken/Egypt/A-chicken-Egypt-CV16G-2023-HA/2019	H9N2	2019	GenBank	no	chicken		1463
PP345494.1	A/chicken/Egypt/A-chicken-Egypt-F150-2021-HA/2019	H9N2	2019	GenBank	no	chicken		1463
PP345509.1	A/chicken/Egypt/A-chicken-Egypt-F404-2023-HA/2019	H9N2	2019	GenBank	no	chicken		1463
PP345510.1	A/chicken/Egypt/A-chicken-Egypt-F537-2023-HA/2019	H9N2	2019	GenBank	no	chicken		1463
PP345502.1	A/chicken/Egypt/A-chicken-Egypt-F595-2022-HA/2019	H9N2	2019	GenBank	no	chicken		1463
PP345503.1	A/chicken/Egypt/A-chicken-Egypt-F612-2022-HA/2019	H9N2	2019	GenBank	no	chicken		1463
PP345495.1	A/chicken/Egypt/A-chicken-Egypt-FAO-S22-2021-HA/2019	H9N2	2019	GenBank	no	chicken		1463
PP345496.1	A/chicken/Egypt/A-chicken-Egypt-FAO-S36-2022-HA/2019	H9N2	2019	GenBank	no	chicken		1463
PP345506.1	A/chicken/Egypt/A-chicken-Egypt-FAO-S46-2022-HA/2019	H9N2	2019	GenBank	no	chicken		1463
PP345504.1	A/chicken/Egypt/A-chicken-Egypt-FAO-S50-2019-HA/2019	H9N2	2019	GenBank	no	chicken		1463
PP345500.1	A/chicken/Egypt/A-chicken-Egypt-FAO-S85-2021-HA/2019	H9N2	2019	GenBank	no	chicken		1463
PP345501.1	A/chicken/Egypt/A-chicken-Egypt-FAO-S87-2021-HA/2019	H9N2	2019	GenBank	no	chicken		1463
PP345497.1	A/chicken/Egypt/A-chicken-Egypt-FAO-SG3-2023-HA/2019	H9N2	2019	GenBank	no	chicken		1463
PP345498.1	A/chicken/Egypt/A-chicken-Egypt-FAO-SI8-2023-HA/2019	H9N2	2019	GenBank	no	chicken		1463
OR742072.1	A/chicken/Egypt/A-chicken-Egypt-NRC1-2023-H9N2/2023	H9N2	2023	GenBank	no	chicken		441
OR742075.1	A/chicken/Egypt/A-chicken-Egypt-Nrc2-2023-H9N2/2023	H9N2	2023	GenBank	no	chicken		456
PQ187665.1	A/chicken/Egypt/A-chicken-Egypt-RN1-2022/2022	H9N2	2022	GenBank	no	chicken		1299
PQ187666.1	A/chicken/Egypt/A-chicken-Egypt-RN2-2022/2022	H9N2	2022	GenBank	no	chicken		1299
PQ187667.1	A/chicken/Egypt/A-chicken-Egypt-RN3-2022/2022	H9N2	2022	GenBank	no	chicken		1299
PQ187668.1	A/chicken/Egypt/A-chicken-Egypt-RN4-2022/2022	H9N2	2022	GenBank	no	chicken		1299
PQ187669.1	A/chicken/Egypt/A-chicken-Egypt-RN5-2022/2022	H9N2	2022	GenBank	no	chicken		1299
PQ187670.1	A/chicken/Egypt/A-chicken-Egypt-RN6-2022/2022	H9N2	2022	GenBank	no	chicken		1299
PQ187671.1	A/chicken/Egypt/A-chicken-Egypt-RN7-2022/2022	H9N2	2022	GenBank	no	chicken		1299
PQ187672.1	A/chicken/Egypt/A-chicken-Egypt-RN8-2022/2022	H9N2	2022	GenBank	no	chicken		1299
PQ187084.1	A/chicken/Egypt/A-chicken-Egypt-SP1-2022/2022	H9N2	2022	GenBank	no	chicken		1299
PQ187085.1	A/chicken/Egypt/A-chicken-Egypt-SP2-2022/2022	H9N2	2022	GenBank	no	chicken		1299
PQ187086.1	A/chicken/Egypt/A-chicken-Egypt-SP3-2022/2022	H9N2	2022	GenBank	no	chicken		1299
PQ187087.1	A/chicken/Egypt/A-chicken-Egypt-SP4-2022/2022	H9N2	2022	GenBank	no	chicken		1299
PQ187088.1	A/chicken/Egypt/A-chicken-Egypt-SP5-2022/2022	H9N2	2022	GenBank	no	chicken		1299
PQ187089.1	A/chicken/Egypt/A-chicken-Egypt-SP6-2022/2022	H9N2	2022	GenBank	no	chicken		1299
PQ187090.1	A/chicken/Egypt/A-chicken-Egypt-SP7-2022/2022	H9N2	2022	GenBank	no	chicken		1299
PQ187091.1	A/chicken/Egypt/A-chicken-Egypt-SP8-2022/2022	H9N2	2022	GenBank	no	chicken		1299
PQ187673.1	A/chicken/Egypt/A-chicken-Egypt-SP9-2022/2022	H9N2	2022	GenBank	yes	chicken		1299
EPI_ISL_229605	A/chicken/Egypt/A10588/2015	H9N2	2015	GISAID	yes	Gallus gallus	G5.6	1707
EPI_ISL_229559	A/chicken/Egypt/A1093D/2015	H9N2	2015	GISAID	yes	Gallus gallus	G5.6	1707
EPI_ISL_14835011	A/chicken/Egypt/A14733/2017	H9N2	2017	GISAID	yes	Gallus gallus	G5.6	1683
EPI_ISL_14835004	A/chicken/EGYPT/A15043/2018	H9N2	2018	GISAID	yes	Gallus gallus	G5.6	1741
EPI_ISL_14832692	A/chicken/EGYPT/A15066/2018	H9N2	2018	GISAID	yes	Gallus gallus	G5.6	1741
EPI_ISL_503057	A/chicken/Egypt/A15068/2018	H9N2	2018	GISAID	yes	Gallus gallus	G5.6	1740
EPI_ISL_14835053	A/chicken/EGYPT/A15073/2018	H9N2	2018	GISAID	yes	Gallus gallus	G5.6	1741
EPI_ISL_502278	A/chicken/Egypt/A15074/2018	H9N2	2018	GISAID	yes	Gallus gallus	G5.6	1723
EPI_ISL_14835001	A/chicken/EGYPT/A15076/2018	H9N2	2018	GISAID	yes	Gallus gallus	G5.6	1741
EPI_ISL_14835048	A/chicken/EGYPT/A15333/2018	H9N2	2018	GISAID	yes	Gallus gallus	G5.6	1741
EPI_ISL_14835050	A/chicken/EGYPT/A15553C/2018	H9N2	2018	GISAID	yes	Gallus gallus	G5.6	1741
EPI_ISL_14835047	A/chicken/EGYPT/A15573/2018	H9N2	2018	GISAID	yes	Gallus gallus	G5.6	1741
EPI_ISL_14832909	A/chicken/EGYPT/A15582/2018	H9N2	2018	GISAID	yes	Gallus gallus	G5.6	1741
EPI_ISL_14833014	A/chicken/EGYPT/A15659/2018	H9N2	2018	GISAID	yes	Gallus gallus	G5.6	1741
EPI_ISL_14832801	A/chicken/EGYPT/A15660/2018	H9N2	2018	GISAID	yes	Gallus gallus	G5.6	1741
EPI_ISL_14835012	A/chicken/EGYPT/A15669/2018	H9N2	2018	GISAID	yes	Gallus gallus	G5.6	1741
EPI_ISL_14835003	A/chicken/EGYPT/A15799/2018	H9N2	2018	GISAID	yes	Gallus gallus	G5.6	1741
EPI_ISL_14834981	A/chicken/EGYPT/A15801/2018	H9N2	2018	GISAID	yes	Gallus gallus	G5.6	1741
EPI_ISL_14835015	A/chicken/EGYPT/A15802/2018	H9N2	2018	GISAID	yes	Gallus gallus	G5.6	1741
EPI_ISL_14834979	A/chicken/EGYPT/A15803/2018	H9N2	2018	GISAID	yes	Gallus gallus	G5.6	1741
EPI_ISL_4069767	A/chicken/Egypt/A16777/2019	H9N2	2019	GISAID	yes	Gallus gallus	G5.6	1741
EPI_ISL_4070449	A/chicken/Egypt/A16857/2019	H9N2	2019	GISAID	yes	Gallus gallus	G5.6	580
EPI_ISL_4070930	A/chicken/Egypt/A16859/2019	H9N2	2019	GISAID	yes	Gallus gallus	G5.6	1741
EPI_ISL_4070947	A/chicken/Egypt/A16860/2019	H9N2	2019	GISAID	yes	Gallus gallus	G5.6	456
EPI_ISL_4070867	A/chicken/Egypt/A16863/2019	H9N2	2019	GISAID	yes	Gallus gallus	G5.6	411
EPI_ISL_4070931	A/chicken/Egypt/A16886/2019	H9N2	2019	GISAID	yes	Gallus gallus	G5.6	1741
EPI_ISL_4070950	A/chicken/Egypt/A17349/2019	H9N2	2019	GISAID	yes	Gallus gallus	G5.6	1741
EPI_ISL_4070376	A/chicken/Egypt/A17358/2019	H9N2	2019	GISAID	yes	Gallus gallus	G5.6	1741
EPI_ISL_4070949	A/chicken/Egypt/A17416/2019	H9N2	2019	GISAID	yes	Gallus gallus	G5.6	1741
EPI_ISL_4070375	A/chicken/Egypt/A17561/2019	H9N2	2019	GISAID	yes	Gallus gallus	G5.6	1741
EPI_ISL_4070948	A/chicken/Egypt/A17969/2019	H9N2	2019	GISAID	yes	Gallus gallus	G5.6	1741
EPI_ISL_14834978	A/chicken/Egypt/A18495/2020	H9N2	2020	GISAID	yes	Gallus gallus	G5.6	1741
EPI_ISL_14835007	A/chicken/Egypt/A18496/2020	H9N2	2020	GISAID	yes	Gallus gallus	G5.6	1741
EPI_ISL_14834971	A/chicken/Egypt/A18497/2020	H9N2	2020	GISAID	yes	Gallus gallus	G5.6	1741
EPI_ISL_14834999	A/chicken/Egypt/A18498/2020	H9N2	2020	GISAID	yes	Gallus gallus	G5.6	1741
EPI_ISL_14835005	A/chicken/Egypt/A18503/2020	H9N2	2020	GISAID	yes	Gallus gallus	G5.6	1741
EPI_ISL_14835054	A/chicken/Egypt/A18504/2020	H9N2	2020	GISAID	yes	Gallus gallus	G5.6	1741
EPI_ISL_14834987	A/chicken/Egypt/A18505/2020	H9N2	2020	GISAID	yes	Gallus gallus	G5.6	1741
EPI_ISL_14834974	A/chicken/Egypt/A18507/2020	H9N2	2020	GISAID	yes	Gallus gallus	G5.6	1741
EPI_ISL_14834997	A/chicken/Egypt/A18605/2020	H9N2	2020	GISAID	yes	Gallus gallus	G5.6	1741
EPI_ISL_14834982	A/chicken/Egypt/A18607/2020	H9N2	2020	GISAID	yes	Gallus gallus	G5.6	1741
EPI_ISL_14834996	A/chicken/Egypt/A18610/2020	H9N2	2020	GISAID	yes	Gallus gallus	G5.6	1741
EPI_ISL_14834973	A/chicken/Egypt/A18716/2020	H9N2	2020	GISAID	yes	Gallus gallus	G5.6	1741
EPI_ISL_14834990	A/chicken/Egypt/A18717/2020	H9N2	2020	GISAID	yes	Gallus gallus	G5.6	1741
EPI_ISL_14834993	A/chicken/Egypt/A18720/2020	H9N2	2020	GISAID	yes	Gallus gallus	G5.6	1741
EPI_ISL_14833487	A/chicken/Egypt/A19165/2020	H9N2	2020	GISAID	yes	Gallus gallus	G5.6	1741
EPI_ISL_14834918	A/chicken/Egypt/A19244/2020	H9N2	2020	GISAID	yes	Gallus gallus	G5.6	1741
EPI_ISL_14834928	A/chicken/Egypt/A19245/2020	H9N2	2020	GISAID	yes	Gallus gallus	G5.6	1741
EPI_ISL_14834932	A/chicken/Egypt/A19246/2020	H9N2	2020	GISAID	yes	Gallus gallus	G5.6	1741
EPI_ISL_14834930	A/chicken/Egypt/A19610/2021	H9N2	2021	GISAID	yes	Gallus gallus	G5.6	1741
EPI_ISL_14834917	A/chicken/Egypt/A19618/2021	H9N2	2021	GISAID	yes	Gallus gallus	G5.6	1741
EPI_ISL_14834934	A/chicken/Egypt/A19669/2021	H9N2	2021	GISAID	yes	Gallus gallus	G5.6	1741
EPI_ISL_131167	A/chicken/Egypt/A2-D/2011	H9N2	2011	GISAID	yes	Chicken	G5.6	1741
EPI_ISL_368469	A/chicken/Egypt/AB2/2018	H9N2	2018	GISAID	yes	Chicken	2.3.4.4b	1586
EPI_ISL_368468	A/chicken/Egypt/AB3/2018	H9N2	2018	GISAID	yes	Chicken	G5.6	1580
EPI_ISL_368467	A/chicken/Egypt/AB4/2018	H9N2	2018	GISAID	yes	Chicken	G5.6	1616
EPI_ISL_297108	A/chicken/Egypt/ABD1/2015	H9N2	2015	GISAID	yes	Chicken	G5.6	1509
EPI_ISL_297667	A/chicken/Egypt/ABD10/2015	H9N2	2015	GISAID	yes	Chicken	G5.6	1509
EPI_ISL_297109	A/chicken/Egypt/ABD2/2015	H9N2	2015	GISAID	yes	Chicken	G5.6	1509
EPI_ISL_297110	A/chicken/Egypt/ABD3/2015	H9N2	2015	GISAID	yes	Chicken	G5.6	1509
EPI_ISL_297111	A/chicken/Egypt/ABD4/2015	H9N2	2015	GISAID	yes	Chicken	G5.6	1509
EPI_ISL_297112	A/chicken/Egypt/ABD5/2015	H9N2	2015	GISAID	yes	Chicken	G5.6	1509
EPI_ISL_297663	A/chicken/Egypt/ABD6/2015	H9N2	2015	GISAID	yes	Chicken	G5.6	1509
EPI_ISL_297664	A/chicken/Egypt/ABD7/2015	H9N2	2015	GISAID	yes	Chicken	G5.6	1509
EPI_ISL_297665	A/chicken/Egypt/ABD8/2015	H9N2	2015	GISAID	yes	Chicken	G5.6	1509
EPI_ISL_297666	A/chicken/Egypt/ABD9/2015	H9N2	2015	GISAID	yes	Chicken	G5.6	1509
EPI_ISL_18934743	A/chicken/Egypt/AHRI-191959VP/2019	H9N2	2019	GISAID	no	Chicken	G5.6	1463
EPI_ISL_18934757	A/chicken/Egypt/AHRI-192691V/2019	H9N2	2019	GISAID	no	Chicken	G5.6	1463
EPI_ISL_18934742	A/chicken/Egypt/AHRI-19359VP/2019	H9N2	2019	GISAID	no	Chicken	G5.6	1463
EPI_ISL_18934741	A/chicken/Egypt/AHRI-201181VP/2019	H9N2	2019	GISAID	no	Chicken	G5.6	1463
EPI_ISL_18934740	A/chicken/Egypt/AHRI-202467VP/2019	H9N2	2019	GISAID	no	Chicken	G5.6	1463
EPI_ISL_18934756	A/chicken/Egypt/AHRI-213102V/2019	H9N2	2019	GISAID	no	Chicken	G5.6	1463
EPI_ISL_18934755	A/chicken/Egypt/AHRI-22108VG/2019	H9N2	2019	GISAID	no	Chicken	G5.6	1463
EPI_ISL_18758361	A/chicken/Egypt/AHRI-CV16/2023	H9N2	2023	GISAID	no	Chicken	G5.6	1706
EPI_ISL_18934754	A/chicken/Egypt/AHRI-CV16G/2019	H9N2	2019	GISAID	no	Chicken	G5.6	1463
EPI_ISL_18934753	A/chicken/Egypt/AHRI-F404/2019	H9N2	2019	GISAID	no	Chicken	G5.6	1463
EPI_ISL_18934752	A/chicken/Egypt/AHRI-F537/2019	H9N2	2019	GISAID	no	Chicken	G5.6	1463
EPI_ISL_18934751	A/chicken/Egypt/AHRI-F595/2019	H9N2	2019	GISAID	no	Chicken	G5.6	1463
EPI_ISL_18934750	A/chicken/Egypt/AHRI-F612/2019	H9N2	2019	GISAID	no	Chicken	G5.6	1463
EPI_ISL_18934738	A/chicken/Egypt/AHRI-S22P/2019	H9N2	2019	GISAID	no	Chicken	G5.6	1463
EPI_ISL_18934737	A/chicken/Egypt/AHRI-S36P/2019	H9N2	2019	GISAID	no	Chicken	G5.6	1463
EPI_ISL_18934749	A/chicken/Egypt/AHRI-S46/2019	H9N2	2019	GISAID	no	Chicken	G5.6	1463
EPI_ISL_18934747	A/chicken/Egypt/AHRI-S50/2019	H9N2	2019	GISAID	no	Chicken	G5.6	1463
EPI_ISL_18934746	A/chicken/Egypt/AHRI-S85/2019	H9N2	2019	GISAID	no	Chicken	G5.6	1463
EPI_ISL_18934745	A/chicken/Egypt/AHRI-S87/2019	H9N2	2019	GISAID	no	Chicken	G5.6	1463
EPI_ISL_18934744	A/chicken/Egypt/AHRI-SG3/2019	H9N2	2019	GISAID	no	Chicken	G5.6	1463
EPI_ISL_18934735	A/chicken/Egypt/AHRI-SI8P/2019	H9N2	2019	GISAID	no	Chicken	G5.6	1463
EPI_ISL_18898020	A/chicken/Egypt/AHRI-SP1/2022	H9N2	2022	GISAID	no	Chicken	G5.6	1318
EPI_ISL_18897572	A/chicken/Egypt/AHRI-SP2/2022	H9N2	2022	GISAID	no	Chicken	G5.6	1318
EPI_ISL_18898021	A/chicken/Egypt/AHRI-SP3/2022	H9N2	2022	GISAID	no	Chicken	G5.6	1318
EPI_ISL_697773	A/chicken/Egypt/AIV_H9N2_Mania/2019	H9N2	2019	GISAID	yes	Chicken	G5.6	305
EPI_ISL_697772	A/chicken/Egypt/AIV_H9N2_sharkia/2019	H9N2	2019	GISAID	yes	Chicken	G5.6	413
EPI_ISL_212849	A/chicken/Egypt/AR241-15/2014	H9N2	2014	GISAID	no	Chicken	G5.6	1683
EPI_ISL_212851	A/chicken/Egypt/AR253-15/2011	H9N2	2014	GISAID	no	Chicken	G5.6	1683
EPI_ISL_344549	A/Chicken/Egypt/AR536/2017	H9N2	2017	GISAID	no	Chicken	G5.6	1658
EPI_ISL_344550	A/Chicken/Egypt/AR537/2017	H9N2	2017	GISAID	no	Chicken	G5.6	1677
EPI_ISL_344551	A/Chicken/Egypt/AR538/2017	H9N2	2017	GISAID	no	Chicken	G5.6	1675
EPI_ISL_344552	A/Chicken/Egypt/AR540/2018	H9N2	2018	GISAID	no	Chicken	G5.6	1676
EPI_ISL_344553	A/Chicken/Egypt/AR541/2018	H9N2	2018	GISAID	no	Chicken	G5.6	1676
EPI_ISL_344535	A/Chicken/Egypt/AR544/2018	H9N2	2018	GISAID	yes	Chicken	G5.6	1736
EPI_ISL_344554	A/Chicken/Egypt/AR545/2018	H9N2	2018	GISAID	no	Chicken	G5.6	1716
EPI_ISL_344536	A/Chicken/Egypt/AR546/2018	H9N2	2018	GISAID	yes	Chicken	2.3.4.4b	1707
EPI_ISL_344555	A/Chicken/Egypt/AR551/2018	H9N2	2018	GISAID	no	Chicken	G5.6	1701
EPI_ISL_344556	A/Chicken/Egypt/AR554/2018	H9N2	2018	GISAID	no	Chicken	G5.6	1629
EPI_ISL_344557	A/Chicken/Egypt/AR555/2018	H9N2	2018	GISAID	no	Chicken	G5.6	1724
EPI_ISL_344558	A/Chicken/Egypt/AR562/2018	H9N2	2018	GISAID	no	Chicken	G5.6	1686
EPI_ISL_344559	A/Chicken/Egypt/AR589/2018	H9N2	2018	GISAID	no	Chicken	G5.6	1686
EPI_ISL_344560	A/Chicken/Egypt/AR590/2018	H9N2	2018	GISAID	no	Chicken	G5.6	1681
EPI_ISL_344561	A/Chicken/Egypt/AR593/2018	H9N2	2018	GISAID	no	Chicken	G5.6	1658
EPI_ISL_273958	A/chicken/Egypt/AR759-14/2013	H9N2	2013	GISAID	no	Gallus gallus	G5.6	1680
EPI_ISL_19064362	A/chicken/Egypt/BA19893OP/2021	H9N2	2021	GISAID	yes	Chicken	G5.6	1741
EPI_ISL_19064361	A/chicken/Egypt/BA19894OP/2021	H9N2	2021	GISAID	yes	Chicken	G5.6	1741
EPI_ISL_19064360	A/chicken/Egypt/BA19898OP/2021	H9N2	2021	GISAID	yes	Chicken	G5.6	1741
EPI_ISL_19332064	A/chicken/Egypt/BA20024C/2022	H9N2	2022	GISAID	yes	Chicken	G5.6	1741
EPI_ISL_19332065	A/chicken/Egypt/BA20211OP/2022	H9N2	2022	GISAID	yes	Chicken	G5.6	1741
EPI_ISL_19064372	A/chicken/Egypt/BA20352OP/2022	H9N2	2022	GISAID	yes	Chicken	G5.6	1741
EPI_ISL_19332066	A/chicken/Egypt/BA20473OP/2022	H9N2	2022	GISAID	yes	Chicken	G5.6	1741
EPI_ISL_19332068	A/chicken/Egypt/BA20476OP/2022	H9N2	2022	GISAID	yes	Chicken	G5.6	1741
EPI_ISL_19333688	A/chicken/Egypt/BA20640OP/2022	H9N2	2022	GISAID	yes	Chicken	G5.6	1741
EPI_ISL_19064359	A/chicken/Egypt/BA20652OP/2022	H9N2	2022	GISAID	yes	Chicken	G5.6	1741
EPI_ISL_19332069	A/chicken/Egypt/BA20655OP/2022	H9N2	2022	GISAID	yes	Chicken	G5.6	1741
EPI_ISL_19064357	A/chicken/Egypt/BA20656OP/2022	H9N2	2022	GISAID	yes	Chicken	G5.6	1740
EPI_ISL_20299363	A/chicken/Egypt/BA21187C/2023	H9N2	2023	GISAID	yes	Chicken	G5.6	1741
EPI_ISL_20299375	A/chicken/Egypt/BA21188OP/2023	H9N2	2023	GISAID	yes	Chicken	G5.6	1741
EPI_ISL_20299387	A/chicken/Egypt/BA21191OP/2023	H9N2	2023	GISAID	yes	Chicken	G5.6	1741
EPI_ISL_20299399	A/chicken/Egypt/BA21192OP/2023	H9N2	2023	GISAID	yes	Chicken	G5.6	1741
EPI_ISL_20299439	A/chicken/Egypt/BA21194OP/2023	H9N2	2023	GISAID	yes	Chicken	G5.6	1741
EPI_ISL_20299451	A/chicken/Egypt/BA21195OP/2023	H9N2	2023	GISAID	yes	Chicken	G5.6	1741
EPI_ISL_20299464	A/chicken/Egypt/BA21196OP/2023	H9N2	2023	GISAID	yes	Chicken	G5.6	1741
EPI_ISL_20299475	A/chicken/Egypt/BA21390C/2023	H9N2	2023	GISAID	yes	Chicken	G5.6	1740
EPI_ISL_20299487	A/chicken/Egypt/BA21425OP/2023	H9N2	2023	GISAID	yes	Chicken	G5.6	1741
EPI_ISL_20299499	A/chicken/Egypt/BA21426OP/2023	H9N2	2023	GISAID	yes	Chicken	G5.6	1741
EPI_ISL_20299565	A/chicken/Egypt/BA21431C/2023	H9N2	2023	GISAID	yes	Chicken	G5.6	1741
EPI_ISL_20299567	A/chicken/Egypt/BA21431OP/2023	H9N2	2023	GISAID	yes	Chicken	G5.6	1741
EPI_ISL_20299568	A/chicken/Egypt/BA21432OP/2023	H9N2	2023	GISAID	yes	Chicken	G5.6	1741
EPI_ISL_20299569	A/chicken/Egypt/BA21434OP/2023	H9N2	2023	GISAID	yes	Chicken	G5.6	1741
EPI_ISL_20299570	A/chicken/Egypt/BA21587C/2024	H9N2	2024	GISAID	yes	Chicken	G5.6	1741
EPI_ISL_20299571	A/chicken/Egypt/BA21809OP/2024	H9N2	2024	GISAID	yes	Chicken	G5.6	1741
EPI_ISL_156284	A/chicken/Egypt/BSU-BS-K7/2012	H9N2	2012	GISAID	yes	Chicken	G5.6	1683
EPI_ISL_177928	A/chicken/Egypt/BSU-BS-KB59/2013	H9N2	2013	GISAID	yes	Chicken	G5.6	1098
EPI_ISL_156286	A/chicken/Egypt/BSU-BS-M33/2012	H9N2	2012	GISAID	yes	Chicken	G5.6	1683
EPI_ISL_156287	A/chicken/Egypt/BSU-BS-M35/2012	H9N2	2012	GISAID	yes	Chicken	G5.6	1683
EPI_ISL_155770	A/chicken/Egypt/BSU-BS-M38/2012	H9N2	2012	GISAID	yes	Chicken	G5.6	213
EPI_ISL_128936	A/chicken/Egypt/BSU-CU/2011	H9N2	2011	GISAID	yes	Chicken	G5.6	514
EPI_ISL_156280	A/chicken/Egypt/BSU-FA-K2/2012	H9N2	2012	GISAID	yes	Chicken	G5.6	1683
EPI_ISL_156281	A/chicken/Egypt/BSU-FA-K3/2012	H9N2	2012	GISAID	yes	Chicken	G5.6	1683
EPI_ISL_156282	A/chicken/Egypt/BSU-FA-K4/2012	H9N2	2012	GISAID	yes	Chicken	G5.6	1683
EPI_ISL_156283	A/chicken/Egypt/BSU-FA-K6/2012	H9N2	2012	GISAID	yes	Chicken	G5.6	1683
EPI_ISL_155769	A/chicken/Egypt/BSU-FA-K8/2012	H9N2	2012	GISAID	yes	Chicken	G5.6	213
EPI_ISL_156285	A/chicken/Egypt/BSU-FA-K9/2012	H9N2	2012	GISAID	yes	Chicken	G5.6	1683
EPI_ISL_177925	A/chicken/Egypt/BSU-FA-KB1/2012	H9N2	2012	GISAID	yes	Chicken	G5.6	1098
EPI_ISL_177927	A/chicken/Egypt/BSU-FA-KB55/2013	H9N2	2013	GISAID	yes	Chicken	G5.6	780
EPI_ISL_156294	A/chicken/Egypt/BSU-FA-M28/2012_(H9N2)	H9N2	2012	GISAID	yes	Chicken	G5.6	1683
EPI_ISL_156288	A/chicken/Egypt/BSU-FA-M40/2012	H9N2	2012	GISAID	yes	Chicken	G5.6	1683
EPI_ISL_156299	A/chicken/Egypt/BSU-GZ-M44/2012	H9N2	2012	GISAID	yes	Chicken	G5.6	1683
EPI_ISL_177926	A/chicken/Egypt/BSU-MN-KB15/2013	H9N2	2013	GISAID	yes	Chicken	G5.6	780
EPI_ISL_170238	A/Chicken/Egypt/BSU21KMB-AR2188/2013	H9N2	2013	GISAID	no	Gallus gallus	G5.6	1680
EPI_ISL_170247	A/chicken/Egypt/BSU32KMB-AR2194/2013	H9N2	2013	GISAID	no	Chicken	G5.6	1680
EPI_ISL_170248	A/chicken/Egypt/BSU35KMB-AR2196/2013	H9N2	2013	GISAID	no	Chicken	G5.6	1680
EPI_ISL_170249	A/chicken/Egypt/BSU3614-AR2212/2014	H9N2	2014	GISAID	no	Chicken	G5.6	1680
EPI_ISL_170250	A/chicken/Egypt/BSU4214-AR2215/2014	H9N2	2014	GISAID	no	Chicken	G5.6	1680
EPI_ISL_170251	A/chicken/Egypt/BSU4614-AR2216/2014	H9N2	2014	GISAID	no	Chicken	G5.6	1680
EPI_ISL_170252	A/chicken/Egypt/BSU4714-AR2217/2014	H9N2	2014	GISAID	no	Chicken	G5.6	1680
EPI_ISL_229614	A/chicken/Egypt/C9742/2014	H9N2	2014	GISAID	yes	Gallus gallus	G5.6	1719
EPI_ISL_379210	A/chicken/Egypt/CL42/2013	H9N2	2013	GISAID	yes	Gallus gallus	G5.6	1741
EPI_ISL_503007	A/Chicken/Egypt/CL79/2013	H9N2	2013	GISAID	yes	Gallus gallus	G5.6	1683
EPI_ISL_503008	A/Chicken/Egypt/CL80/2013	H9N2	2013	GISAID	yes	Gallus gallus	G5.6	1683
EPI_ISL_503009	A/Chicken/Egypt/CL83/2013	H9N2	2013	GISAID	yes	Gallus gallus	G5.6	1683
OR841543.1	A/chicken/Egypt/CV16/2023	H9N2	2023	GenBank	no	chicken		1706
EPI_ISL_229610	A/chicken/Egypt/D10549D/2015	H9N2	2015	GISAID	yes	Gallus gallus	G5.6	1707
EPI_ISL_229569	A/chicken/Egypt/D10560/2015	H9N2	2015	GISAID	yes	Gallus gallus	G5.6	1716
EPI_ISL_229626	A/chicken/Egypt/D10561/2015	H9N2	2015	GISAID	yes	Gallus gallus	G5.6	1739
EPI_ISL_229609	A/chicken/Egypt/D10562/2015	H9N2	2015	GISAID	yes	Gallus gallus	G5.6	1707
EPI_ISL_229623	A/chicken/Egypt/D10564/2015	H9N2	2015	GISAID	yes	Gallus gallus	G5.6	1733
EPI_ISL_229622	A/chicken/Egypt/D10566B/2015	H9N2	2015	GISAID	yes	Gallus gallus	G5.6	1707
EPI_ISL_229562	A/chicken/Egypt/D10685D/2015	H9N2	2015	GISAID	yes	Gallus gallus	G5.6	1707
EPI_ISL_229565	A/chicken/Egypt/D10700/2015	H9N2	2015	GISAID	yes	Gallus gallus	G5.6	1707
EPI_ISL_229616	A/chicken/Egypt/D10704/2015	H9N2	2015	GISAID	yes	Gallus gallus	G5.6	1707
EPI_ISL_229570	A/chicken/Egypt/D10705/2015	H9N2	2015	GISAID	yes	Gallus gallus	G5.6	1707
EPI_ISL_229621	A/chicken/Egypt/D10706E/2015	H9N2	2015	GISAID	yes	Gallus gallus	G5.6	1707
EPI_ISL_229624	A/chicken/Egypt/D10707B/2015	H9N2	2015	GISAID	yes	Gallus gallus	G5.6	1707
EPI_ISL_229619	A/chicken/Egypt/D10788/2015	H9N2	2015	GISAID	yes	Gallus gallus	G5.6	1726
EPI_ISL_229568	A/chicken/Egypt/D10789/2015	H9N2	2015	GISAID	yes	Gallus gallus	G5.6	1707
EPI_ISL_229558	A/chicken/Egypt/D10798D/2015	H9N2	2015	GISAID	yes	Gallus gallus	G5.6	1707
EPI_ISL_229560	A/chicken/Egypt/D10799A/2015	H9N2	2015	GISAID	yes	Gallus gallus	G5.6	1707
EPI_ISL_205896	A/chicken/Egypt/D10802E/2015	H9N2	2015	GISAID	yes	Chicken	G5.6	1741
EPI_ISL_229552	A/chicken/Egypt/D10945E/2015	H9N2	2015	GISAID	yes	Gallus gallus	G5.6	1699
EPI_ISL_387134	A/chicken/Egypt/D13646A/2017	H9N2	2017	GISAID	yes	Gallus gallus	G5.6	1504
EPI_ISL_14835010	A/chicken/EGYPT/D15830D/2018	H9N2	2018	GISAID	yes	Gallus gallus	G5.6	1741
EPI_ISL_14835006	A/chicken/Egypt/D17949A/2019	H9N2	2019	GISAID	yes	Gallus gallus	G5.6	1741
EPI_ISL_4070938	A/chicken/Egypt/D17949B/2019	H9N2	2019	GISAID	yes	Gallus gallus	G5.6	1741
EPI_ISL_4070768	A/chicken/Egypt/D17949C/2019	H9N2	2019	GISAID	yes	Gallus gallus	G5.6	1741
EPI_ISL_14834998	A/chicken/Egypt/D18579A/2020	H9N2	2020	GISAID	yes	Gallus gallus	G5.6	1741
EPI_ISL_14834985	A/chicken/Egypt/D18592/2020	H9N2	2020	GISAID	yes	Gallus gallus	G5.6	1741
EPI_ISL_14834929	A/chicken/Egypt/D19290A/2020	H9N2	2020	GISAID	yes	Gallus gallus	G5.6	1741
EPI_ISL_14834933	A/chicken/Egypt/D19290B/2020	H9N2	2020	GISAID	yes	Gallus gallus	G5.6	841
EPI_ISL_14834969	A/chicken/Egypt/D19290C/2020	H9N2	2020	GISAID	yes	Gallus gallus	G5.6	1741
EPI_ISL_14834920	A/chicken/Egypt/D19290D/2020	H9N2	2020	GISAID	yes	Gallus gallus	G5.6	1741
EPI_ISL_14834921	A/chicken/Egypt/D19292/2020	H9N2	2020	GISAID	yes	Gallus gallus	G5.6	1741
EPI_ISL_14834970	A/chicken/Egypt/D19293/2020	H9N2	2020	GISAID	yes	Gallus gallus	G5.6	1741
EPI_ISL_14833812	A/chicken/Egypt/D19479/2020	H9N2	2020	GISAID	yes	Gallus gallus	G5.6	1741
EPI_ISL_14834410	A/chicken/Egypt/D19481/2020	H9N2	2020	GISAID	yes	Gallus gallus	G5.6	1741
EPI_ISL_14834856	A/chicken/Egypt/D19486A/2020	H9N2	2020	GISAID	yes	Gallus gallus	G5.6	1741
EPI_ISL_14834901	A/chicken/Egypt/D19486B/2020	H9N2	2020	GISAID	yes	Gallus gallus	G5.6	1741
EPI_ISL_129891	A/chicken/Egypt/D4692A/2012	H9N2	2012	GISAID	yes	Chicken	G5.6	1730
EPI_ISL_153907	A/chicken/Egypt/D4905A/2012	H9N2	2012	GISAID	yes	Chicken	G5.6	1707
EPI_ISL_129883	A/chicken/Egypt/D4905B/2012	H9N2	2012	GISAID	yes	Chicken	G5.6	1695
EPI_ISL_129882	A/chicken/Egypt/D4907A/2012	H9N2	2012	GISAID	yes	Chicken	G5.6	1712
EPI_ISL_151930	A/chicken/Egypt/D5490B/2012	H9N2	2012	GISAID	yes	Chicken	G5.6	1727
EPI_ISL_151968	A/chicken/Egypt/D7099/2013	H9N2	2013	GISAID	yes	Chicken	G5.6	1700
EPI_ISL_151974	A/chicken/Egypt/D7100/2013	H9N2	2013	GISAID	yes	Chicken	G5.6	1683
EPI_ISL_151929	A/chicken/Egypt/D7108E/2013	H9N2	2013	GISAID	yes	Chicken	G5.6	1721
EPI_ISL_151964	A/chicken/Egypt/D7436C/2013	H9N2	2013	GISAID	yes	Chicken	G5.6	1694
EPI_ISL_151932	A/chicken/Egypt/D7663C/2013	H9N2	2013	GISAID	yes	Chicken	G5.6	1704
EPI_ISL_229615	A/chicken/Egypt/D9326C/2013	H9N2	2013	GISAID	yes	Gallus gallus	G5.6	1716
EPI_ISL_229627	A/chicken/Egypt/D9377/2014	H9N2	2014	GISAID	yes	Gallus gallus	G5.6	1711
EPI_ISL_229612	A/chicken/Egypt/D9570B/2014	H9N2	2014	GISAID	yes	Gallus gallus	G5.6	1720
EPI_ISL_229625	A/chicken/Egypt/D9817E/2014	H9N2	2014	GISAID	yes	Gallus gallus	G5.6	1707
EPI_ISL_20299572	A/chicken/Egypt/DA21333C/2023	H9N2	2023	GISAID	yes	Chicken	G5.6	1741
EPI_ISL_20299573	A/chicken/Egypt/DA21334OP/2023	H9N2	2023	GISAID	yes	Chicken	G5.6	1741
EPI_ISL_20299574	A/chicken/Egypt/DA21336OP/2023	H9N2	2023	GISAID	yes	Chicken	G5.6	1741
EPI_ISL_20299575	A/chicken/Egypt/DA21666OP/2024	H9N2	2024	GISAID	yes	Chicken	G5.6	1741
EPI_ISL_20299576	A/chicken/Egypt/DA21667OP/2024	H9N2	2024	GISAID	yes	Chicken	G5.6	1741
EPI_ISL_20299577	A/chicken/Egypt/DA21668C/2024	H9N2	2024	GISAID	yes	Chicken	G5.6	1741
EPI_ISL_20299578	A/chicken/Egypt/DA21668OP/2024	H9N2	2024	GISAID	yes	Chicken	G5.6	1741
EPI_ISL_20299579	A/chicken/Egypt/DA21669C/2024	H9N2	2024	GISAID	yes	Chicken	G5.6	1741
EPI_ISL_20299580	A/chicken/Egypt/DA21670C/2024	H9N2	2024	GISAID	yes	Chicken	G5.6	1741
PP857689.1	A/chicken/Egypt/DN/2023	H9N2	2023	GenBank	no	chicken		1318
EPI_ISL_19332070	A/chicken/Egypt/DT20428OP/2022	H9N2	2022	GISAID	yes	Chicken	G5.6	1741
EPI_ISL_19064356	A/chicken/Egypt/DT20509OP/2022	H9N2	2022	GISAID	yes	Chicken	G5.6	1741
EPI_ISL_19332071	A/chicken/Egypt/DT20518OP/2022	H9N2	2022	GISAID	yes	Chicken	G5.6	1741
EPI_ISL_19064355	A/chicken/Egypt/DT20673OP/2022	H9N2	2022	GISAID	yes	Chicken	G5.6	1741
EPI_ISL_19064354	A/chicken/Egypt/DT20674OP/2022	H9N2	2022	GISAID	yes	Chicken	G5.6	1741
EPI_ISL_19064353	A/chicken/Egypt/DT20892OP/2022	H9N2	2022	GISAID	yes	Chicken	G5.6	1741
EPI_ISL_19332072	A/chicken/Egypt/DT20893OP/2022	H9N2	2022	GISAID	yes	Chicken	G5.6	1741
EPI_ISL_19064352	A/chicken/Egypt/DT20894OP/2022	H9N2	2022	GISAID	yes	Chicken	G5.6	1741
EPI_ISL_19064351	A/chicken/Egypt/DT20896C/2022	H9N2	2022	GISAID	yes	Chicken	G5.6	1741
EPI_ISL_19332073	A/chicken/Egypt/DT20896OP/2022	H9N2	2022	GISAID	yes	Chicken	G5.6	1741
EPI_ISL_19064350	A/chicken/Egypt/DT21017OP/2023	H9N2	2023	GISAID	yes	Chicken	G5.6	1741
PP576457.1	A/chicken/Egypt/DT21020OP/2023	H9N2	2023	GenBank	no	Gallus gallus		1741
EPI_ISL_19072949	A/chicken/Egypt/DT21108OP/2023	H9N2	2023	GISAID	yes	Chicken	G5.6	1741
EPI_ISL_19072950	A/chicken/Egypt/DT21110OP/2023	H9N2	2023	GISAID	yes	Chicken	G5.6	1741
EPI_ISL_19821001	A/chicken/Egypt/EGY-9-100/2025	H9N2	2025	GISAID	yes	Chicken	G5.6	1680
EPI_ISL_19821002	A/chicken/Egypt/EGY-9-103/2025	H9N2	2025	GISAID	yes	Chicken	G5.6	1680
EPI_ISL_19821003	A/chicken/Egypt/EGY-9-109/2025	H9N2	2025	GISAID	yes	Chicken	G5.6	1680
EPI_ISL_19821004	A/chicken/Egypt/EGY-9-119/2025	H9N2	2025	GISAID	yes	Chicken	G5.6	1680
EPI_ISL_19821005	A/chicken/Egypt/EGY-9-58/2024	H9N2	2024	GISAID	yes	Chicken	G5.6	1680
EPI_ISL_19821006	A/chicken/Egypt/EGY-9-60/2024	H9N2	2024	GISAID	yes	Chicken	G5.6	1680
EPI_ISL_19821007	A/chicken/Egypt/EGY-9-64/2024	H9N2	2024	GISAID	yes	Chicken	G5.6	1680
EPI_ISL_19821008	A/chicken/Egypt/EGY-9-68/2025	H9N2	2025	GISAID	yes	Chicken	G5.6	1680
EPI_ISL_19821009	A/chicken/Egypt/EGY-9-75/2025	H9N2	2025	GISAID	yes	Chicken	G5.6	1680
EPI_ISL_19821010	A/chicken/Egypt/EGY-9-83/2025	H9N2	2025	GISAID	yes	Chicken	G5.6	1680
EPI_ISL_19821011	A/chicken/Egypt/EGY-9-89/2025	H9N2	2025	GISAID	yes	Chicken	G5.6	1680
EPI_ISL_19821012	A/chicken/Egypt/EGY-9-91/2025	H9N2	2025	GISAID	yes	Chicken	G5.6	1680
EPI_ISL_19821013	A/chicken/Egypt/EGY-I-58/2025	H9N2	2025	GISAID	yes	Chicken	G5.6	1680
EPI_ISL_19821014	A/chicken/Egypt/EGY-I-64/2025	H9N2	2025	GISAID	yes	Chicken	G5.6	1680
EPI_ISL_20439193	A/chicken/Egypt/EGY-RLQP-PG11/2026	H9N2	2026	GISAID	yes	Chicken	G5.6	1681
EPI_ISL_290074	A/chicken/Egypt/Elfeil-26/2016	H9N2	2016	GISAID	yes	Chicken	G5.6	1739
EPI_ISL_229556	A/chicken/Egypt/F10285D/2014	H9N2	2014	GISAID	yes	Gallus gallus	G5.6	1694
EPI_ISL_229602	A/chicken/Egypt/F10528A/2015	H9N2	2015	GISAID	yes	Gallus gallus	G5.6	1707
EPI_ISL_229555	A/chicken/Egypt/F10533A/2015	H9N2	2015	GISAID	yes	Gallus gallus	G5.6	1707
EPI_ISL_229572	A/chicken/Egypt/F10533D/2015	H9N2	2015	GISAID	yes	Gallus gallus	G5.6	1707
EPI_ISL_229561	A/chicken/Egypt/F10534C/2015	H9N2	2015	GISAID	yes	Gallus gallus	G5.6	1715
EPI_ISL_229551	A/chicken/Egypt/F10993B/2015	H9N2	2015	GISAID	yes	Gallus gallus	G5.6	1707
EPI_ISL_254818	A/chicken/Egypt/F12054D/2016	H9N2	2016	GISAID	yes	Gallus gallus	G5.6	1707
EPI_ISL_254825	A/chicken/Egypt/F12168B/2016	H9N2	2016	GISAID	yes	Gallus gallus	G5.6	1707
EPI_ISL_254826	A/chicken/Egypt/F12168D/2016	H9N2	2016	GISAID	yes	Gallus gallus	G5.6	1707
EPI_ISL_254828	A/chicken/Egypt/F12170A/2016	H9N2	2016	GISAID	yes	Gallus gallus	G5.6	1707
EPI_ISL_254817	A/chicken/Egypt/F12170E/2016	H9N2	2016	GISAID	yes	Gallus gallus	G5.6	1707
EPI_ISL_254822	A/chicken/Egypt/F12173D/2016	H9N2	2016	GISAID	yes	Gallus gallus	G5.6	1707
EPI_ISL_14834995	A/chicken/Egypt/F14014E/2017	H9N2	2017	GISAID	yes	Gallus gallus	G5.6	1683
EPI_ISL_372261	A/chicken/Egypt/F141-1/2016	H9N2	2016	GISAID	yes	Chicken	G5.6	612
EPI_ISL_372262	A/chicken/Egypt/F141-2/2016	H9N2	2016	GISAID	yes	Chicken	G5.6	612
EPI_ISL_4069769	A/chicken/Egypt/F16772D/2019	H9N2	2019	GISAID	yes	Gallus gallus	G5.6	1741
EPI_ISL_4069773	A/chicken/Egypt/F16774A/2019	H9N2	2019	GISAID	yes	Gallus gallus	G5.6	1741
EPI_ISL_4069723	A/chicken/Egypt/F16774B/2019	H9N2	2019	GISAID	yes	Gallus gallus	G5.6	1741
EPI_ISL_4070939	A/chicken/Egypt/F17123A/2019	H9N2	2019	GISAID	yes	Gallus gallus	G5.6	1741
EPI_ISL_4070941	A/chicken/Egypt/F17124B/2019	H9N2	2019	GISAID	yes	Gallus gallus	G5.6	1741
EPI_ISL_4070943	A/chicken/Egypt/F17124C/2019	H9N2	2019	GISAID	yes	Gallus gallus	G5.6	988
EPI_ISL_4070382	A/chicken/Egypt/F17124D/2019	H9N2	2019	GISAID	yes	Gallus gallus	G5.6	553
EPI_ISL_4070944	A/chicken/Egypt/F17133A/2019	H9N2	2019	GISAID	yes	Gallus gallus	G5.6	599
EPI_ISL_327488	A/chicken/Egypt/F18/2016	H9N2	2016	GISAID	yes	Chicken	G5.6	1509
EPI_ISL_14834994	A/chicken/Egypt/F18299B/2020	H9N2	2020	GISAID	yes	Gallus gallus	G5.6	1741
EPI_ISL_14834975	A/chicken/Egypt/F18299C/2020	H9N2	2020	GISAID	yes	Gallus gallus	G5.6	1741
EPI_ISL_327489	A/chicken/Egypt/F23/2016	H9N2	2016	GISAID	yes	Chicken	G5.6	1509
EPI_ISL_327463	A/chicken/Egypt/F26/2016	H9N2	2016	GISAID	yes	Chicken	G5.6	1509
EPI_ISL_399421	A/chicken/Egypt/F398-1/2019	H9N2	2019	GISAID	yes	Chicken	G5.6	505
EPI_ISL_399422	A/chicken/Egypt/F398-2/2019	H9N2	2019	GISAID	yes	Chicken	G5.6	505
EPI_ISL_399423	A/chicken/Egypt/F398-3/2019	H9N2	2019	GISAID	yes	Chicken	G5.6	505
EPI_ISL_399424	A/chicken/Egypt/F398-4/2019	H9N2	2019	GISAID	yes	Chicken	G5.6	505
PP396636.2	A/chicken/Egypt/F53/2024	H9N2	2024	GenBank	yes	Chicken	G5.6	1463
EPI_ISL_151933	A/chicken/Egypt/F7297B/2013	H9N2	2013	GISAID	yes	Chicken	G5.6	1717
EPI_ISL_229554	A/chicken/Egypt/F9516B/2014	H9N2	2014	GISAID	yes	Gallus gallus	G5.6	1692
EPI_ISL_229628	A/chicken/Egypt/F9883C/2014	H9N2	2014	GISAID	yes	Gallus gallus	G5.6	1736
EPI_ISL_276766	A/chicken/Egypt/Fadllah-9/2015	H9N2	2015	GISAID	yes	Chicken	G5.6	435
EPI_ISL_4073086	A/chicken/Egypt/FAO-S16/2020	H9N2	2020	GISAID	yes	Chicken	G5.6	1578
EPI_ISL_505794	A/chicken/Egypt/FAO-S18/2019	H9N2	2019	GISAID	yes	Chicken	G5.6	1509
EPI_ISL_6781489	A/chicken/Egypt/FAO-S33/2021	H9N2	2021	GISAID	yes	Chicken	G5.6	1572
EPI_ISL_14766980	A/chicken/Egypt/FFN1/2019	H9N2	2019	GISAID	yes	Chicken	G5.6	1481
EPI_ISL_14766982	A/chicken/Egypt/FFN2/2019	H9N2	2019	GISAID	yes	Chicken	G5.6	1481
EPI_ISL_14766981	A/chicken/Egypt/FFN3/2019	H9N2	2019	GISAID	yes	Chicken	G5.6	1481
EPI_ISL_14766983	A/chicken/Egypt/FFN4/2019	H9N2	2019	GISAID	yes	Chicken	G5.6	1481
EPI_ISL_9572692	A/chicken/Egypt/FW1/2020	H9	2020	GISAID	yes	Chicken	G5.6	1485
EPI_ISL_9572693	A/chicken/Egypt/FW2/2020	H9	2020	GISAID	yes	Chicken	G5.6	1485
EPI_ISL_9572694	A/chicken/Egypt/FW3/2020	H9	2020	GISAID	yes	Chicken	G5.6	1485
EPI_ISL_19811847	A/Chicken/Egypt/GH/22/2023	H9N2	2023	GISAID	no	Gallus gallus domesticus	G5.6	1712
EPI_ISL_19812209	A/Chicken/Egypt/GH/30/2023	H9N2	2023	GISAID	no	Gallus gallus domesticus	G5.6	1708
EPI_ISL_505798	A/chicken/Egypt/H9-1/2018	H9N2	2018	GISAID	yes	Chicken	G5.6	1441
EPI_ISL_503875	A/chicken/Egypt/H9-2/2019	H9N2	2019	GISAID	yes	Chicken	G5.6	1456
EPI_ISL_4061749	A/chicken/Egypt/H9N2/2021	H9N2	2021	GISAID	yes	Chicken	G5.6	590
EPI_ISL_19811846	A/Chicken/Egypt/KF/2023	H9N2	2023	GISAID	no	Gallus gallus domesticus	G5.6	1659
EPI_ISL_19812207	A/Chicken/Egypt/KF/24/2023	H9	2023	GISAID	no	Gallus gallus domesticus	G5.6	1683
EPI_ISL_234293	A/chicken/Egypt/Mansora-18/2013	H9N2	2013	GISAID	yes	Chicken	G5.6	621
EPI_ISL_234294	A/chicken/Egypt/Mansora-36/2015	H9N2	2015	GISAID	yes	Chicken	G5.6	684
EPI_ISL_278207	A/chicken/Egypt/ME543V/2016	H9N2	2016	GISAID	yes	Chicken	G5.6	1509
EPI_ISL_14931842	A/chicken/Egypt/Menoufia/2021	H9N2	2021	GISAID	yes	Chicken	2.3.4.4b	1741
EPI_ISL_19812208	A/Chicken/Egypt/MF/27/2023	H9N2	2023	GISAID	no	Gallus gallus domesticus	G5.6	1662
EPI_ISL_19812210	A/Chicken/Egypt/MF/35/2023	H9N2	2023	GISAID	no	Gallus gallus domesticus	G5.6	1662
EPI_ISL_229611	A/chicken/Egypt/N10957A/2015	H9N2	2015	GISAID	yes	Gallus gallus	G5.6	1715
EPI_ISL_229618	A/chicken/Egypt/N10963/2015	H9N2	2015	GISAID	yes	Gallus gallus	G5.6	1708
EPI_ISL_229571	A/chicken/Egypt/N10975/2015	H9N2	2015	GISAID	yes	Gallus gallus	G5.6	1709
EPI_ISL_14835013	A/chicken/Egypt/N13851C/2017	H9N2	2017	GISAID	yes	Gallus gallus	G5.6	1683
EPI_ISL_14835051	A/chicken/Egypt/N14498A/2017	H9N2	2017	GISAID	yes	Gallus gallus	G5.6	1683
EPI_ISL_14834977	A/chicken/Egypt/N14499B/2017	H9N2	2017	GISAID	yes	Gallus gallus	G5.6	1683
EPI_ISL_14834976	A/chicken/Egypt/N14500A/2017	H9N2	2017	GISAID	yes	Gallus gallus	G5.6	1683
EPI_ISL_14835002	A/chicken/Egypt/N14782D/2017	H9N2	2017	GISAID	yes	Gallus gallus	G5.6	1683
EPI_ISL_14835016	A/chicken/EGYPT/N15888/2018	H9N2	2018	GISAID	yes	Gallus gallus	G5.6	1741
EPI_ISL_4069761	A/chicken/Egypt/N16735D/2019	H9N2	2019	GISAID	yes	Gallus gallus	G5.6	1741
EPI_ISL_4069751	A/chicken/Egypt/N16739A/2019	H9N2	2019	GISAID	yes	Gallus gallus	G5.6	1741
EPI_ISL_4070410	A/chicken/Egypt/N16941C/2019	H9N2	2019	GISAID	yes	Gallus gallus	G5.6	1741
EPI_ISL_4069754	A/chicken/Egypt/N16946C/2019	H9N2	2019	GISAID	yes	Gallus gallus	G5.6	1741
EPI_ISL_4070923	A/chicken/Egypt/N17040A/2019	H9N2	2019	GISAID	yes	Gallus gallus	G5.6	935
EPI_ISL_4070655	A/chicken/Egypt/N17040B/2019	H9N2	2019	GISAID	yes	Gallus gallus	G5.6	1741
EPI_ISL_4070934	A/chicken/Egypt/N17041A/2019	H9N2	2019	GISAID	yes	Gallus gallus	G5.6	648
EPI_ISL_4070937	A/chicken/Egypt/N17041C/2019	H9N2	2019	GISAID	yes	Gallus gallus	G5.6	413
EPI_ISL_4070457	A/chicken/Egypt/N17048C/2019	H9N2	2019	GISAID	yes	Gallus gallus	G5.6	1741
EPI_ISL_4070374	A/chicken/Egypt/N17056/2019	H9N2	2019	GISAID	yes	Gallus gallus	G5.6	1741
EPI_ISL_14834923	A/chicken/Egypt/N18851C/2020	H9N2	2020	GISAID	yes	Gallus gallus	G5.6	1741
EPI_ISL_14834927	A/chicken/Egypt/N19072B/2020	H9N2	2020	GISAID	yes	Gallus gallus	G5.6	1741
EPI_ISL_14834905	A/chicken/Egypt/N19072C/2020	H9N2	2020	GISAID	yes	Gallus gallus	G5.6	1741
EPI_ISL_14834922	A/chicken/Egypt/N19074A/2020	H9N2	2020	GISAID	yes	Gallus gallus	G5.6	1741
EPI_ISL_14834878	A/chicken/Egypt/N19078B/2020	H9N2	2020	GISAID	yes	Gallus gallus	G5.6	1741
EPI_ISL_14834900	A/chicken/Egypt/N19302B/2020	H9N2	2020	GISAID	yes	Gallus gallus	G5.6	1741
EPI_ISL_14834497	A/chicken/Egypt/N19304A/2020	H9N2	2020	GISAID	yes	Gallus gallus	G5.6	1741
EPI_ISL_14834916	A/chicken/Egypt/N19598A/2021	H9N2	2021	GISAID	yes	Gallus gallus	G5.6	1741
EPI_ISL_14834902	A/chicken/Egypt/N19598C/2021	H9N2	2021	GISAID	yes	Gallus gallus	G5.6	1741
EPI_ISL_14833274	A/chicken/Egypt/N19598D/2021	H9N2	2021	GISAID	yes	Gallus gallus	G5.6	1741
EPI_ISL_14834086	A/chicken/Egypt/N19599A/2021	H9N2	2021	GISAID	yes	Gallus gallus	G5.6	1741
EPI_ISL_14834925	A/chicken/Egypt/N19600A/2021	H9N2	2021	GISAID	yes	Gallus gallus	G5.6	1741
EPI_ISL_14834924	A/chicken/Egypt/N19600C/2021	H9N2	2021	GISAID	yes	Gallus gallus	G5.6	1114
EPI_ISL_14834866	A/chicken/Egypt/N19600D/2021	H9N2	2021	GISAID	yes	Gallus gallus	G5.6	1741
EPI_ISL_14834896	A/chicken/Egypt/N19604C/2021	H9N2	2021	GISAID	yes	Gallus gallus	G5.6	1741
EPI_ISL_14834903	A/chicken/Egypt/N19604D/2021	H9N2	2021	GISAID	yes	Gallus gallus	G5.6	1741
EPI_ISL_14834879	A/chicken/Egypt/N19606C/2021	H9N2	2021	GISAID	yes	Gallus gallus	G5.6	1741
EPI_ISL_14834867	A/chicken/Egypt/N19764B/2021	H9N2	2021	GISAID	yes	Gallus gallus	G5.6	1741
EPI_ISL_14834870	A/chicken/Egypt/N19764C/2021	H9N2	2021	GISAID	yes	Gallus gallus	G5.6	1741
EPI_ISL_14834296	A/chicken/Egypt/N19766D/2021	H9N2	2021	GISAID	yes	Gallus gallus	G5.6	1741
EPI_ISL_170362	A/chicken/Egypt/NLQP123VD-AR758/2013	H9N2	2013	GISAID	no	Chicken	G5.6	1683
EPI_ISL_170358	A/chicken/Egypt/NLQP139V-AR754/2013	H9N2	2013	GISAID	no	Chicken	G5.6	1683
EPI_ISL_170360	A/chicken/Egypt/NLQP194V-AR756/2013	H9N2	2013	GISAID	no	Chicken	G5.6	1683
EPI_ISL_170361	A/chicken/Egypt/NLQP257V-AR757/2013	H9N2	2013	GISAID	no	Chicken	G5.6	1683
EPI_ISL_170364	A/chicken/Egypt/NLQP426V-AR760/2013	H9N2	2013	GISAID	no	Chicken	G5.6	1683
EPI_ISL_170365	A/chicken/Egypt/NLQP488V-AR761/2013	H9N2	2013	GISAID	no	Chicken	G5.6	1683
EPI_ISL_170359	A/chicken/Egypt/NLQP73VD-AR755/2013	H9N2	2013	GISAID	no	Chicken	G5.6	1683
EPI_ISL_170363	A/chicken/Egypt/NLQP758V-AR759/2013	H9N2	2013	GISAID	no	Chicken	G5.6	1683
EPI_ISL_18750840	A/chicken/Egypt/NRC-192/2023	H9N2	2023	GISAID	no	Chicken	G5.6	441
EPI_ISL_18750755	A/chicken/Egypt/NRC-292/2023	H9N2	2023	GISAID	no	Chicken	G5.6	456
PP576523.1	A/chicken/Egypt/PS19823OP/2021	H9N2	2021	GenBank	no	Gallus gallus		1741
EPI_ISL_19332074	A/chicken/Egypt/PS19825OP/2021	H9N2	2021	GISAID	yes	Chicken	G5.6	1741
EPI_ISL_19332075	A/chicken/Egypt/PS20324OP/2022	H9N2	2022	GISAID	yes	Chicken	G5.6	1741
PP576492.1	A/chicken/Egypt/PS20710OP/2022	H9N2	2022	GenBank	no	Gallus gallus		1740
EPI_ISL_19333687	A/chicken/Egypt/PS20723OP/2022	H9N2	2022	GISAID	yes	Chicken	G5.6	1740
PP576488.1	A/chicken/Egypt/PS20934OP/2022	H9N2	2022	GenBank	no	Gallus gallus		1741
EPI_ISL_19064358	A/chicken/Egypt/PS20935OP/2022	H9N2	2022	GISAID	yes	Chicken	G5.6	1741
EPI_ISL_19064373	A/chicken/Egypt/PS21054C/2023	H9N2	2023	GISAID	yes	Chicken	G5.6	1741
EPI_ISL_19064374	A/chicken/Egypt/PS21054OP/2023	H9N2	2023	GISAID	yes	Chicken	G5.6	1741
EPI_ISL_19064375	A/chicken/Egypt/PS21088OP/2023	H9N2	2023	GISAID	yes	Chicken	G5.6	1741
EPI_ISL_19064402	A/chicken/Egypt/PS21089OP/2023	H9N2	2023	GISAID	yes	Chicken	G5.6	1741
EPI_ISL_19064401	A/chicken/Egypt/PS21090OP/2023	H9N2	2023	GISAID	yes	Chicken	G5.6	1741
EPI_ISL_19064400	A/chicken/Egypt/PS21091OP/2023	H9N2	2023	GISAID	yes	Chicken	G5.6	1741
EPI_ISL_20299584	A/chicken/Egypt/PS21183C/2023	H9N2	2023	GISAID	yes	Chicken	G5.6	1741
EPI_ISL_20299585	A/chicken/Egypt/PS21483OP/2023	H9N2	2023	GISAID	yes	Chicken	G5.6	1741
EPI_ISL_20299586	A/chicken/Egypt/PS21630OP/2024	H9N2	2024	GISAID	yes	Chicken	G5.6	1741
EPI_ISL_20299587	A/chicken/Egypt/PS21748OP/2024	H9N2	2024	GISAID	yes	Chicken	G5.6	1741
EPI_ISL_20299588	A/chicken/Egypt/PS21751C/2024	H9N2	2024	GISAID	yes	Chicken	G5.6	1741
EPI_ISL_20299589	A/chicken/Egypt/PS21752C/2024	H9N2	2024	GISAID	yes	Chicken	G5.6	1741
EPI_ISL_20299590	A/chicken/Egypt/PS21752OP/2024	H9N2	2024	GISAID	yes	Chicken	G5.6	1741
EPI_ISL_229557	A/chicken/Egypt/Q10429E/2014	H9N2	2014	GISAID	yes	Gallus gallus	G5.6	1714
EPI_ISL_229564	A/chicken/Egypt/Q10649C/2015	H9N2	2015	GISAID	yes	Gallus gallus	G5.6	1707
EPI_ISL_229607	A/chicken/Egypt/Q10660B/2015	H9N2	2015	GISAID	yes	Gallus gallus	G5.6	1741
EPI_ISL_14834983	A/chicken/Egypt/Q14260A/2017	H9N2	2017	GISAID	yes	Gallus gallus	G5.6	1683
EPI_ISL_4070479	A/chicken/Egypt/Q17812B/2019	H9N2	2019	GISAID	yes	Gallus gallus	G5.6	1741
EPI_ISL_4070547	A/chicken/Egypt/Q17897C/2019	H9N2	2019	GISAID	yes	Gallus gallus	G5.6	1741
EPI_ISL_4070480	A/chicken/Egypt/Q18036B/2019	H9N2	2019	GISAID	yes	Gallus gallus	G5.6	1741
EPI_ISL_4070381	A/chicken/Egypt/Q18036E/2019	H9N2	2019	GISAID	yes	Gallus gallus	G5.6	1741
EPI_ISL_4070683	A/chicken/Egypt/Q18041A/2019	H9N2	2019	GISAID	yes	Gallus gallus	G5.6	1741
EPI_ISL_153900	A/chicken/Egypt/Q4698A/2012	H9N2	2012	GISAID	yes	Chicken	G5.6	1707
EPI_ISL_229566	A/chicken/Egypt/Q9394E/2014	H9N2	2014	GISAID	yes	Gallus gallus	G5.6	1686
EPI_ISL_19333686	A/chicken/Egypt/RA20066C/2022	H9N2	2022	GISAID	yes	Chicken	G5.6	1741
EPI_ISL_19064399	A/chicken/Egypt/RA20191OP/2022	H9N2	2022	GISAID	yes	Chicken	G5.6	1741
EPI_ISL_19064398	A/chicken/Egypt/RA20193OP/2022	H9N2	2022	GISAID	yes	Chicken	G5.6	1741
EPI_ISL_20299592	A/chicken/Egypt/RA21168OP/2023	H9N2	2023	GISAID	yes	Chicken	G5.6	1741
EPI_ISL_20299593	A/chicken/Egypt/RA21169OP/2023	H9N2	2023	GISAID	yes	Chicken	G5.6	1741
EPI_ISL_20299594	A/chicken/Egypt/RA21170OP/2023	H9N2	2023	GISAID	yes	Chicken	G5.6	1741
EPI_ISL_20299595	A/chicken/Egypt/RA21172OP/2023	H9N2	2023	GISAID	yes	Chicken	G5.6	1741
EPI_ISL_19832934	A/chicken/Egypt/RLQP3/2025	H9N2	2025	GISAID	yes	Chicken	G5.6	1679
EPI_ISL_19832935	A/chicken/Egypt/RLQP4/2025	H9N2	2025	GISAID	yes	Chicken	G5.6	1679
EPI_ISL_502805	A/chicken/Egypt/S1/2018	H9N2	2018	GISAID	yes	Chicken	G5.6	693
EPI_ISL_229606	A/chicken/Egypt/S10312C/2014	H9N2	2014	GISAID	yes	Gallus gallus	G5.6	1736
EPI_ISL_229604	A/chicken/Egypt/S10489C/2015	H9N2	2015	GISAID	yes	Gallus gallus	G5.6	1707
EPI_ISL_205897	A/chicken/Egypt/S10490/2015	H9N2	2015	GISAID	yes	Gallus gallus	G5.6	1683
EPI_ISL_229553	A/chicken/Egypt/S10597A/2015	H9N2	2015	GISAID	yes	Gallus gallus	G5.6	1715
EPI_ISL_229613	A/chicken/Egypt/S10598E/2015	H9N2	2015	GISAID	yes	Gallus gallus	G5.6	1707
EPI_ISL_229620	A/chicken/Egypt/S10916B/2015	H9N2	2015	GISAID	yes	Gallus gallus	G5.6	1721
EPI_ISL_229578	A/chicken/Egypt/S10939E/2015	H9N2	2015	GISAID	yes	Gallus gallus	G5.6	1707
EPI_ISL_254824	A/chicken/Egypt/S12568C/2016	H9N2	2016	GISAID	yes	Gallus gallus	G5.6	1707
EPI_ISL_14834992	A/chicken/Egypt/S14165/2017	H9N2	2017	GISAID	yes	Gallus gallus	G5.6	1683
EPI_ISL_14835008	A/chicken/Egypt/S14187B/2017	H9N2	2017	GISAID	yes	Gallus gallus	G5.6	1683
EPI_ISL_14834984	A/chicken/EGYPT/S15516/2018	H9N2	2018	GISAID	yes	Gallus gallus	G5.6	1741
EPI_ISL_14834968	A/chicken/EGYPT/S15518/2018	H9N2	2018	GISAID	yes	Gallus gallus	G5.6	1741
EPI_ISL_14834986	A/chicken/EGYPT/S15530C/2018	H9N2	2018	GISAID	yes	Gallus gallus	G5.6	1741
EPI_ISL_4069755	A/chicken/Egypt/S16688C/2019	H9N2	2019	GISAID	yes	Gallus gallus	G5.6	1741
EPI_ISL_4069766	A/chicken/Egypt/S16692/2019	H9N2	2019	GISAID	yes	Gallus gallus	G5.6	1741
EPI_ISL_4069753	A/chicken/Egypt/S16693/2019	H9N2	2019	GISAID	yes	Gallus gallus	G5.6	1741
EPI_ISL_4070614	A/chicken/Egypt/S16694/2019	H9N2	2019	GISAID	yes	Gallus gallus	G5.6	1741
EPI_ISL_4069757	A/chicken/Egypt/S16695/2019	H9N2	2019	GISAID	yes	Gallus gallus	G5.6	1741
EPI_ISL_4069649	A/chicken/Egypt/S16700B/2019	H9N2	2019	GISAID	yes	Gallus gallus	G5.6	1741
EPI_ISL_4069764	A/chicken/Egypt/S16700D/2019	H9N2	2019	GISAID	yes	Gallus gallus	G5.6	1741
EPI_ISL_4069760	A/chicken/Egypt/S16701B/2019	H9N2	2019	GISAID	yes	Gallus gallus	G5.6	1741
EPI_ISL_4069776	A/chicken/Egypt/S16702A/2019	H9N2	2019	GISAID	yes	Gallus gallus	G5.6	1741
EPI_ISL_4069772	A/chicken/Egypt/S16702D/2019	H9N2	2019	GISAID	yes	Gallus gallus	G5.6	1741
EPI_ISL_4069777	A/chicken/Egypt/S16703B/2019	H9N2	2019	GISAID	yes	Gallus gallus	G5.6	1741
EPI_ISL_4069770	A/chicken/Egypt/S16703C/2019	H9N2	2019	GISAID	yes	Gallus gallus	G5.6	1741
EPI_ISL_4069775	A/chicken/Egypt/S16703D/2019	H9N2	2019	GISAID	yes	Gallus gallus	G5.6	1741
EPI_ISL_4070682	A/chicken/Egypt/S16704A/2019	H9N2	2019	GISAID	yes	Gallus gallus	G5.6	1741
EPI_ISL_4070942	A/chicken/Egypt/S16704B/2019	H9N2	2019	GISAID	yes	Gallus gallus	G5.6	1741
EPI_ISL_4069774	A/chicken/Egypt/S16704C/2019	H9N2	2019	GISAID	yes	Gallus gallus	G5.6	1741
EPI_ISL_4069763	A/chicken/Egypt/S16705A/2019	H9N2	2019	GISAID	yes	Gallus gallus	G5.6	1741
EPI_ISL_4069771	A/chicken/Egypt/S16705C/2019	H9N2	2019	GISAID	yes	Gallus gallus	G5.6	1741
EPI_ISL_4069768	A/chicken/Egypt/S16705D/2019	H9N2	2019	GISAID	yes	Gallus gallus	G5.6	1741
EPI_ISL_4070573	A/chicken/Egypt/S16965D/2019	H9N2	2019	GISAID	yes	Gallus gallus	G5.6	1741
EPI_ISL_4070754	A/chicken/Egypt/S18034E/2019	H9N2	2019	GISAID	yes	Gallus gallus	G5.6	1741
EPI_ISL_14835000	A/chicken/Egypt/S18523C/2020	H9N2	2020	GISAID	yes	Gallus gallus	G5.6	1741
EPI_ISL_14834980	A/chicken/Egypt/S18527/2020	H9N2	2020	GISAID	yes	Gallus gallus	G5.6	1741
EPI_ISL_14834988	A/chicken/Egypt/S18643C/2020	H9N2	2020	GISAID	yes	Gallus gallus	G5.6	1741
EPI_ISL_14834972	A/chicken/Egypt/S18643D/2020	H9N2	2020	GISAID	yes	Gallus gallus	G5.6	1741
EPI_ISL_14833727	A/chicken/Egypt/S18755A/2020	H9N2	2020	GISAID	yes	Gallus gallus	G5.6	1741
EPI_ISL_14834863	A/chicken/Egypt/S18755B/2020	H9N2	2020	GISAID	yes	Gallus gallus	G5.6	1741
EPI_ISL_14834898	A/chicken/Egypt/S18755C/2020	H9N2	2020	GISAID	yes	Gallus gallus	G5.6	1741
EPI_ISL_14833586	A/chicken/Egypt/S18755D/2020	H9N2	2020	GISAID	yes	Gallus gallus	G5.6	692
EPI_ISL_14834869	A/chicken/Egypt/S18985A/2020	H9N2	2020	GISAID	yes	Gallus gallus	G5.6	1741
EPI_ISL_14834876	A/chicken/Egypt/S18985B/2020	H9N2	2020	GISAID	yes	Gallus gallus	G5.6	1741
EPI_ISL_14833103	A/chicken/Egypt/S18992/2020	H9N2	2020	GISAID	yes	Gallus gallus	G5.6	1741
EPI_ISL_14834185	A/chicken/Egypt/S19326A/2020	H9N2	2020	GISAID	yes	Gallus gallus	G5.6	1741
EPI_ISL_14833919	A/chicken/Egypt/S19326B/2020	H9N2	2020	GISAID	yes	Gallus gallus	G5.6	1741
EPI_ISL_14834897	A/chicken/Egypt/S19326C/2020	H9N2	2020	GISAID	yes	Gallus gallus	G5.6	1741
EPI_ISL_14834864	A/chicken/Egypt/S19326D/2020	H9N2	2020	GISAID	yes	Gallus gallus	G5.6	1741
EPI_ISL_14834858	A/chicken/Egypt/S19338A/2020	H9N2	2020	GISAID	yes	Gallus gallus	G5.6	1741
EPI_ISL_14833378	A/chicken/Egypt/S19338B/2020	H9N2	2020	GISAID	yes	Gallus gallus	G5.6	1741
EPI_ISL_14833627	A/chicken/Egypt/S19338D/2020	H9N2	2020	GISAID	yes	Gallus gallus	G5.6	1741
EPI_ISL_14834877	A/chicken/Egypt/S19708B/2021	H9N2	2021	GISAID	yes	Gallus gallus	G5.6	1741
EPI_ISL_14833170	A/chicken/Egypt/S19712/2021	H9N2	2021	GISAID	yes	Gallus gallus	G5.6	1741
EPI_ISL_14834653	A/chicken/Egypt/S19714/2021	H9N2	2021	GISAID	yes	Gallus gallus	G5.6	1741
EPI_ISL_502803	A/chicken/Egypt/s2/2018	H9N2	2018	GISAID	yes	Chicken	G5.6	1464
EPI_ISL_107971	A/chicken/Egypt/S4454B/2011	H9N2	2011	GISAID	yes	Chicken	G5.6	1717
EPI_ISL_107984	A/chicken/Egypt/S4454E/2011	H9N2	2011	GISAID	yes	Chicken	G5.6	1717
EPI_ISL_107985	A/chicken/Egypt/S4456B/2011	H9N2	2011	GISAID	yes	Chicken	G5.6	1715
EPI_ISL_151979	A/chicken/Egypt/S5018A/2012	H9N2	2012	GISAID	yes	Chicken	G5.6	1707
EPI_ISL_129886	A/chicken/Egypt/S5018B/2012	H9N2	2012	GISAID	yes	Chicken	G5.6	1726
EPI_ISL_151943	A/chicken/Egypt/S5018C/2012	H9N2	2012	GISAID	yes	Chicken	G5.6	1713
EPI_ISL_151935	A/chicken/Egypt/S5018D/2012	H9N2	2012	GISAID	yes	Chicken	G5.6	1712
EPI_ISL_151942	A/chicken/Egypt/S5440E/2012	H9N2	2012	GISAID	yes	Chicken	G5.6	1683
EPI_ISL_151965	A/chicken/Egypt/S5442C/2012	H9N2	2012	GISAID	yes	Chicken	G5.6	1703
EPI_ISL_151980	A/chicken/Egypt/S5442E/2012	H9N2	2012	GISAID	yes	Chicken	G5.6	1736
EPI_ISL_502804	A/chicken/Egypt/s6/2018	H9N2	2018	GISAID	yes	Chicken	G5.6	1464
EPI_ISL_4073098	A/chicken/Egypt/S63/2020	H9N2	2020	GISAID	yes	Chicken	G5.6	1577
EPI_ISL_502041	A/chicken/Egypt/S69/2018	H9N2	2018	GISAID	yes	Chicken	G5.6	1509
EPI_ISL_151962	A/chicken/Egypt/S7018B/2013	H9N2	2013	GISAID	yes	Chicken	G5.6	1715
EPI_ISL_151971	A/chicken/Egypt/S7022D/2013	H9N2	2013	GISAID	yes	Chicken	G5.6	1740
EPI_ISL_153906	A/chicken/Egypt/S7025C/2013	H9N2	2013	GISAID	yes	Chicken	G5.6	1715
EPI_ISL_151934	A/chicken/Egypt/S7025E/2013	H9N2	2013	GISAID	yes	Chicken	G5.6	1693
EPI_ISL_151940	A/chicken/Egypt/S7404/2013	H9N2	2013	GISAID	yes	Chicken	G5.6	1687
EPI_ISL_502806	A/chicken/Egypt/s9/2018	H9N2	2018	GISAID	yes	Chicken	G5.6	693
EPI_ISL_229567	A/chicken/Egypt/S9288A/2013	H9N2	2013	GISAID	yes	Gallus gallus	G5.6	1737
EPI_ISL_229576	A/chicken/Egypt/S9348B/2014	H9N2	2014	GISAID	yes	Gallus gallus	G5.6	1735
EPI_ISL_229574	A/chicken/Egypt/S9645/2014	H9N2	2014	GISAID	yes	Gallus gallus	G5.6	1733
EPI_ISL_229608	A/chicken/Egypt/S9652E/2014	H9N2	2014	GISAID	yes	Gallus gallus	G5.6	1716
EPI_ISL_229603	A/chicken/Egypt/S9668D/2014	H9N2	2014	GISAID	yes	Gallus gallus	G5.6	1741
EPI_ISL_18287402	A/chicken/Egypt/SCU-B15056/2022	H9N2	2022	GISAID	no	Chicken	G5.6	1077
EPI_ISL_18287405	A/chicken/Egypt/SCU-J93/2023	H9N2	2023	GISAID	no	Chicken	G5.6	1077
EPI_ISL_18287403	A/chicken/Egypt/SCU-T271/2023	H9N2	2023	GISAID	no	Chicken	G5.6	1077
EPI_ISL_167895	A/chicken/Egypt/SCU20/2014	H9N2	2014	GISAID	yes	Chicken	G5.6	1468
EPI_ISL_167893	A/chicken/Egypt/SCU8/2014	H9N2	2014	GISAID	yes	Chicken	G5.6	1468
EPI_ISL_167894	A/chicken/Egypt/SCU9/2014	H9N2	2014	GISAID	yes	Chicken	G5.6	1468
OQ336296.1	A/chicken/Egypt/SP1/2022	H9N2	2022	GenBank	yes	Chicken	G5.6	1318
OQ336295.1	A/chicken/Egypt/SP2/2022	H9N2	2022	GenBank	yes	Chicken	G5.6	1318
OQ336297.1	A/chicken/Egypt/SP3/2022	H9N2	2022	GenBank	yes	Chicken	G5.6	1318
EPI_ISL_20170517	A/chicken/Egypt/SP4/2022	H9N2	2022	GISAID	no	Chicken	G5.6	1299
EPI_ISL_20170518	A/chicken/Egypt/SP5/2022	H9N2	2022	GISAID	no	Chicken	G5.6	1299
EPI_ISL_20170522	A/chicken/Egypt/SP6/2022	H9N2	2022	GISAID	no	Chicken	G5.6	1299
EPI_ISL_20170523	A/chicken/Egypt/SP7/2022	H9N2	2022	GISAID	no	Chicken	G5.6	1299
EPI_ISL_20170525	A/chicken/Egypt/SP8/2022	H9N2	2022	GISAID	no	Chicken	G5.6	1299
EPI_ISL_20170526	A/chicken/Egypt/SP9/2022	H9N2	2022	GISAID	no	Chicken	G5.6	1299
EPI_ISL_4073091	A/chicken/Egypt/V1015/2020	H9N2	2020	GISAID	yes	Chicken	G5.6	1626
EPI_ISL_505787	A/chicken/Egypt/V1051/2019	H9N2	2019	GISAID	yes	Chicken	G5.6	1509
EPI_ISL_4073092	A/chicken/Egypt/V1220/2020	H9N2	2020	GISAID	yes	Chicken	G5.6	1605
EPI_ISL_505781	A/chicken/Egypt/V1317/2018	H9N2	2018	GISAID	yes	Chicken	G5.6	1509
EPI_ISL_505788	A/chicken/Egypt/V1348/2019	H9N2	2019	GISAID	yes	Chicken	G5.6	1416
EPI_ISL_379492	A/chicken/Egypt/V1527/2018	H9N2	2018	GISAID	yes	Chicken	G5.6	1539
EPI_ISL_505776	A/chicken/Egypt/V1581/2017	H9N2	2017	GISAID	yes	Chicken	G5.6	1509
EPI_ISL_505777	A/chicken/Egypt/V1596/2017	H9N2	2017	GISAID	yes	Chicken	G5.6	1509
EPI_ISL_505789	A/chicken/Egypt/V1623/2019	H9N2	2019	GISAID	yes	Chicken	G5.6	1509
EPI_ISL_505782	A/chicken/Egypt/V1659/2018	H9N2	2018	GISAID	yes	Chicken	G5.6	1509
EPI_ISL_16925118	A/chicken/Egypt/v1896/2022	H9N2	2022	GISAID	yes	Chicken	G5.6	870
EPI_ISL_505790	A/chicken/Egypt/V1960/2019	H9N2	2019	GISAID	yes	Chicken	G5.6	1509
EPI_ISL_4073093	A/chicken/Egypt/v2091/2020	H9N2	2020	GISAID	yes	Chicken	G5.6	1497
EPI_ISL_4073094	A/chicken/Egypt/v2092/2020	H9N2	2020	GISAID	yes	Chicken	G5.6	1590
EPI_ISL_4073095	A/chicken/Egypt/v2252/2020	H9N2	2020	GISAID	yes	Chicken	G5.6	1599
EPI_ISL_505780	A/chicken/Egypt/V2479/2017	H9N2	2017	GISAID	yes	Chicken	G5.6	1509
EPI_ISL_505779	A/chicken/Egypt/V2480/2017	H9N2	2017	GISAID	yes	Chicken	G5.6	1509
EPI_ISL_505795	A/chicken/Egypt/V2630/2019	H9N2	2019	GISAID	yes	Chicken	G5.6	1509
EPI_ISL_505796	A/chicken/Egypt/V2633/2019	H9N2	2019	GISAID	yes	Chicken	G5.6	1509
EPI_ISL_505797	A/chicken/Egypt/V2692/2019	H9N2	2019	GISAID	yes	Chicken	G5.6	1509
EPI_ISL_505791	A/chicken/Egypt/V2842/2019	H9N2	2019	GISAID	yes	Chicken	G5.6	1509
EPI_ISL_505783	A/chicken/Egypt/V316/2018	H9N2	2018	GISAID	yes	Chicken	G5.6	1509
EPI_ISL_4073096	A/chicken/Egypt/V3293/2020	H9N2	2020	GISAID	yes	Chicken	G5.6	1494
EPI_ISL_4073097	A/chicken/Egypt/V3303/2020	H9N2	2020	GISAID	yes	Chicken	G5.6	1577
EPI_ISL_4072770	A/chicken/Egypt/V3506/2020	H9N2	2020	GISAID	yes	Chicken	G5.6	1415
EPI_ISL_505792	A/chicken/Egypt/V360/2019	H9N2	2019	GISAID	yes	Chicken	G5.6	1509
EPI_ISL_505784	A/chicken/Egypt/V3604/2018	H9N2	2018	GISAID	yes	Chicken	G5.6	1509
EPI_ISL_505785	A/chicken/Egypt/V3986/2018	H9N2	2018	GISAID	yes	Chicken	G5.6	1509
EPI_ISL_505786	A/chicken/Egypt/V4001/2018	H9N2	2018	GISAID	yes	Chicken	G5.6	1509
EPI_ISL_502042	A/chicken/Egypt/v621/2018	H9N2	2018	GISAID	yes	Chicken	G5.6	1509
EPI_ISL_4073087	A/chicken/Egypt/V644/2020	H9N2	2020	GISAID	yes	Chicken	G5.6	1626
EPI_ISL_4073088	A/chicken/Egypt/V649/2020	H9N2	2020	GISAID	yes	Chicken	G5.6	1602
EPI_ISL_4073089	A/chicken/Egypt/V654/2020	H9N2	2020	GISAID	yes	Chicken	G5.6	1626
EPI_ISL_505793	A/chicken/Egypt/V665/2019	H9N2	2019	GISAID	yes	Chicken	G5.6	1479
EPI_ISL_505778	A/chicken/Egypt/V69/2017	H9N2	2017	GISAID	yes	Chicken	G5.6	1509
EPI_ISL_329648	A/chicken/Egypt/v700/2015	H9N2	2015	GISAID	yes	Chicken	G5.6	1509
EPI_ISL_4073084	A/chicken/Egypt/V72/2020	H9N2	2020	GISAID	yes	Chicken	G5.6	1599
EPI_ISL_4073090	A/chicken/Egypt/V739/2020	H9N2	2020	GISAID	yes	Chicken	G5.6	1626
EPI_ISL_4073085	A/chicken/Egypt/V77/2020	H9N2	2020	GISAID	yes	Chicken	G5.6	1590
KC699553.1	A/chicken/Egypt/VRLCU-1/2012	H9N2	2012	GenBank	no	broiler chickens		441
EPI_ISL_155758	A/chicken/Egypt/VRLCU-2/2012	H9N2	2012	GISAID	yes	Chicken	G5.6	791
EPI_ISL_138613	A/chicken/Egypt/VRLCU-R33/2012	H9N2	2012	GISAID	yes	Chicken	G5.6	463
EPI_ISL_138619	A/chicken/Egypt/VRLCU-ZK1/2012	H9N2	2012	GISAID	no	Chicken	G5.6	441
EPI_ISL_138618	A/chicken/Egypt/VRLCU-ZK2/2012	H9N2	2012	GISAID	no	Chicken	G5.6	456
EPI_ISL_138614	A/chicken/Egypt/VRLCU/2012	H9N2	2012	GISAID	yes	Chicken	G5.6	450
EPI_ISL_378933	A/chicken/Egypt/Walaa1/2014	H9N2	2014	GISAID	yes	Chicken	G5.6	803
EPI_ISL_378934	A/chicken/Egypt/Walaa2/2017	H9N2	2017	GISAID	yes	Chicken	G5.6	803
OR534282.1	A/chicken/EL-Garbia/T2-71/2023	H9N2	2023	GenBank	no	chicken		1077
EPI_ISL_129852	A/chicken/El_Fayoum/CAI25/2011	H9N2	2011	GISAID	yes	Chicken	G5.6	1696
PV953272.1	A/chicken/Fayium/EgyArmy00306/2025	H9N2	2025	GenBank	no	chicken		1687
EPI_ISL_427814	A/chicken/FVM/1/2011	H9N2	2011	GISAID	no	Gallus gallus domesticus	G5.6	1683
EPI_ISL_235141	A/chicken/Ismailia/1/2014	H9N2	2014	GISAID	no	Chicken	G5.6	1128
EPI_ISL_235144	A/chicken/Ismailia/4/2015	H9N2	2015	GISAID	no	Chicken	G5.6	1098
EPI_ISL_14775520	A/chicken/Ismailia/82/2021	H9	2021	GISAID	yes	Chicken	G5.6	1368
EPI_ISL_14775519	A/chicken/Ismailia/88/2021	H9	2021	GISAID	yes	Chicken	G5.6	1410
EPI_ISL_14775518	A/chicken/Ismailia/92/2021	H9	2021	GISAID	yes	Chicken	G5.6	1413
EPI_ISL_14775521	A/chicken/Ismailia/F13/2021	H9	2021	GISAID	yes	Chicken	G5.6	849
OR534281.1	A/chicken/Ismailia/J-93/2023	H9N2	2023	GenBank	no	chicken		1077
EPI_ISL_6780992	A/chicken/Luxor/27/2017	H9	2017	GISAID	yes	Chicken	G5.6	1438
EPI_ISL_235142	A/chicken/North_Sinai/2/2015	H9N2	2015	GISAID	no	Chicken	G5.6	824
EPI_ISL_20170596	A/chicken/Qalyubia/Moshtohor-Reh3/2025	H9N2	2025	GISAID	yes	Chicken	G5.6	376
EPI_ISL_303862	A/chicken/Sharkia/Zag2/2017	H9N2	2017	GISAID	yes	Chicken	G5.6	871
EPI_ISL_303863	A/chicken/Sharkia/Zag4/2017	H9N2	2017	GISAID	yes	Chicken	G5.6	892
EPI_ISL_303864	A/chicken/Sharkia/Zag5/2017	H9N2	2017	GISAID	yes	Chicken	G5.6	891
EPI_ISL_235143	A/chicken/Suez/3/2015	H9N2	2015	GISAID	no	Chicken	G5.6	1098
MW261908.1	A/chickens/Egypt/avian	H9	2020	GenBank	no	Chickens		972
EPI_ISL_18287400	A/common_coat/Egypt/SCU-8/2022	H9N2	2022	GISAID	no	Other avian	G5.6	1077
OR534283.1	A/Common coat/Egypt/Wild-8/2022	H9N2	2022	GenBank	no	Common coat		1077
EPI_ISL_19332078	A/common_quail/Egypt/BA20408OP/2022	H9N2	2022	GISAID	yes	Avian	G5.6	1741
EPI_ISL_19064397	A/common_quaill/Egypt/BA20406OP/2022	H9N2	2022	GISAID	yes	Avian	G5.6	1741
EPI_ISL_327426	A/DUCK/Egypt/161338V/2016	H9N2	2016	GISAID	yes	Duck	G5.6	1509
EPI_ISL_16891308	A/Duck/Egypt/22-1/2022	H9N2	2022	GISAID	yes	Duck	G5.6	632
EPI_ISL_16891309	A/Duck/Egypt/22-2/2022	H9N2	2022	GISAID	yes	Duck	G5.6	747
EPI_ISL_16891310	A/Duck/Egypt/22-3/2022	H9N2	2022	GISAID	yes	Duck	G5.6	594
EPI_ISL_16891311	A/Duck/Egypt/22-4/2022	H9N2	2022	GISAID	yes	Duck	G5.6	663
EPI_ISL_18934748	A/duck/Egypt/AHRI-20564VP/2019	H9N2	2019	GISAID	no	Duck	G5.6	1463
EPI_ISL_18934758	A/duck/Egypt/AHRI-F150P/2019	H9N2	2019	GISAID	no	Duck	G5.6	1463
EPI_ISL_20299604	A/duck/Egypt/BA21376OP/2023	H9N2	2023	GISAID	yes	Duck	G5.6	1741
EPI_ISL_229563	A/duck/Egypt/C9787/2014	H9N2	2014	GISAID	yes	Anas sp.	G5.6	1728
EPI_ISL_14834931	A/duck/Egypt/D19288B/2020	H9N2	2020	GISAID	yes	Anas sp.	G5.6	1741
EPI_ISL_20082302	A/Egypt/ARMY00306/2025	H9	2025	GISAID	no	Chicken	G5.6	1563
EPI_ISL_262573	A/Egypt/ZU63/2016	H9N2	2016	GISAID	yes	Gallus gallus	G5.6	1683
EPI_ISL_262574	A/Egypt/ZU64/2016	H9N2	2016	GISAID	yes	Gallus gallus	G5.6	1683
EPI_ISL_262575	A/Egypt/ZU65/2016	H9N2	2016	GISAID	yes	Gallus gallus	G5.6	1683
EPI_ISL_262576	A/Egypt/ZU66/2016	H9N2	2016	GISAID	yes	Gallus gallus	G5.6	1683
EPI_ISL_262577	A/Egypt/ZU68/2016	H9N2	2016	GISAID	yes	Gallus gallus	G5.6	1683
EPI_ISL_262578	A/Egypt/ZU73/2016	H9N2	2016	GISAID	yes	Gallus gallus	Y9	1683
EPI_ISL_262579	A/Egypt/ZU80/2016	H9N2	2016	GISAID	yes	Gallus gallus	G5.6	1683
EPI_ISL_19064396	A/environment/Egypt/BA19912W/2021	H9N2	2021	GISAID	yes	Environment	G5.6	1741
EPI_ISL_19332079	A/environment/Egypt/BA20496W/2022	H9N2	2022	GISAID	yes	Environment	G5.6	1741
EPI_ISL_19064395	A/environment/Egypt/BA20661W/2022	H9N2	2022	GISAID	yes	Environment	G5.6	1741
EPI_ISL_19064394	A/environment/Egypt/DT20580S/2022	H9N2	2022	GISAID	yes	Environment	G5.6	1741
EPI_ISL_19064393	A/environment/Egypt/PS21067W/2023	H9N2	2023	GISAID	yes	Environment	G5.6	1741
EPI_ISL_19064392	A/environment/Egypt/PS21072S/2023	H9N2	2023	GISAID	yes	Environment	G5.6	1741
EPI_ISL_19064391	A/environment/Egypt/PS21073S/2023	H9N2	2023	GISAID	yes	Environment	G5.6	1741
EPI_ISL_19344325	A/environment/Egypt/PS21074S/2023	H9N2	2023	GISAID	yes	Environment	G5.6	1741
PV090852.1	A/Gallus gallus/Qalubiya/24K/2024	H9N2	2024	GenBank	no	Gallus gallus		1741
EPI_ISL_19333694	A/garganey/Egypt/DT20952C/2023	H9N2	2023	GISAID	yes	Duck	G5.6	1741
EPI_ISL_20299616	A/laughing_dove/Egypt/DA21532C/2023	H9N2	2023	GISAID	yes	Avian	G5.6	1740
MT319758.1	A/Layer	H9	2019	GenBank	no	Layer chicken		852
EPI_ISL_504061	A/Layer_chicken/Egypt/Matrouh/2019	H9	2019	GISAID	no	Host	G5.6	852
OQ794035.1	A/mallard duck/Egypt/MB-D-2217C/2019	H9N2	2019	GenBank	no	Anas platyrhynchos		1741
OQ797513.1	A/mallard duck/Egypt/MB-D-2223OP/2019	H9N2	2019	GenBank	no	Anas platyrhynchos		1741
EPI_ISL_4070946	A/pigeon/Egypt/A16865/2019	H9N2	2019	GISAID	yes	Pigeon	G5.6	1741
EPI_ISL_14834989	A/pigeon/Egypt/A18091/2019	H9N2	2019	GISAID	yes	Host	G5.6	1741
EPI_ISL_14834991	A/pigeon/Egypt/A18092/2019	H9N2	2019	GISAID	yes	Host	G5.6	1741
EPI_ISL_14835014	A/pigeon/Egypt/A18093/2019	H9N2	2019	GISAID	yes	Host	G5.6	1741
EPI_ISL_14835009	A/pigeon/Egypt/A18094/2019	H9N2	2019	GISAID	yes	Host	G5.6	1741
EPI_ISL_14835052	A/pigeon/Egypt/D14794/2017	H9N2	2017	GISAID	yes	Host	G5.6	1683
EPI_ISL_14834763	A/pigeon/Egypt/D19471/2020	H9N2	2020	GISAID	yes	Host	G5.6	1741
EPI_ISL_229617	A/pigeon/Egypt/S10408B/2014	H9N2	2014	GISAID	yes	Avian	G5.6	1733
EPI_ISL_229599	A/pigeon/Egypt/S10409A/2014	H9N2	2014	GISAID	yes	Avian	G5.6	1741
MK007981.1	A/pigeon/Egypt/S11755/2015	H9N2	2015	GenBank	no	Columba sp.		1707
OR144599.1	A/poultry/Egypt/A-EGY-CK-F1032-2021/2020	H9N2	2020	GenBank	no	poultry		1463
OR144606.1	A/poultry/Egypt/A-EGY-CK-F635-2022/2020	H9N2	2020	GenBank	no	poultry		1463
OR144598.1	A/poultry/Egypt/A-EGY-CK-FAO-S1-2021/2020	H9N2	2020	GenBank	no	poultry		1463
OR144601.1	A/poultry/Egypt/A-EGY-CK-FAO-S14-2021/2020	H9N2	2020	GenBank	no	poultry		1463
OR144575.1	A/poultry/Egypt/A-EGY-CK-FAO-S15-2020/2020	H9N2	2020	GenBank	no	poultry		1463
OR144577.1	A/poultry/Egypt/A-EGY-CK-FAO-S34-2020/2020	H9N2	2020	GenBank	no	poultry		1463
OR144605.1	A/poultry/Egypt/A-EGY-CK-FAO-S51-2021/2020	H9N2	2020	GenBank	no	poultry		1463
OR144576.1	A/poultry/Egypt/A-EGY-CK-FAO-S54-2020/2020	H9N2	2020	GenBank	no	poultry		1463
OR144602.1	A/poultry/Egypt/A-EGY-CK-FAO-S64-2021/2020	H9N2	2020	GenBank	no	poultry		1463
OR144603.1	A/poultry/Egypt/A-EGY-CK-FAO-S68-2021/2020	H9N2	2020	GenBank	no	poultry		1463
OR144604.1	A/poultry/Egypt/A-EGY-CK-FAO-SG79-2021/2020	H9N2	2020	GenBank	no	poultry		1463
OR144580.1	A/poultry/Egypt/A-EGY-CK-S63-2020/2020	H9N2	2020	GenBank	no	poultry		1463
OR144587.1	A/poultry/Egypt/A-EGY-CK-V1980-2020/2020	H9N2	2020	GenBank	no	poultry		1463
OR144588.1	A/poultry/Egypt/A-EGY-CK-V2090-2020/2020	H9N2	2020	GenBank	no	poultry		1463
OR144589.1	A/poultry/Egypt/A-EGY-CK-V2687-2020/2020	H9N2	2020	GenBank	no	poultry		1463
OR144590.1	A/poultry/Egypt/A-EGY-CK-V3049-2020/2020	H9N2	2020	GenBank	no	poultry		1463
OR144591.1	A/poultry/Egypt/A-EGY-CK-V3100-2020/2020	H9N2	2020	GenBank	no	poultry		1463
OR144600.1	A/poultry/Egypt/A-EGY-CK-V3102-2021/2020	H9N2	2020	GenBank	no	poultry		1463
OR144592.1	A/poultry/Egypt/A-EGY-CK-V3162-2020/2020	H9N2	2020	GenBank	no	poultry		1463
OR144593.1	A/poultry/Egypt/A-EGY-CK-V3416-2020/2020	H9N2	2020	GenBank	no	poultry		1463
OR144594.1	A/poultry/Egypt/A-EGY-CK-V3562-2020/2020	H9N2	2020	GenBank	no	poultry		1463
OR144595.1	A/poultry/Egypt/A-EGY-CK-V3831-2020/2020	H9N2	2020	GenBank	no	poultry		1463
OR144596.1	A/poultry/Egypt/A-EGY-CK-V4169-2020/2020	H9N2	2020	GenBank	no	poultry		1463
OR144584.1	A/poultry/Egypt/A-EGY-CK-V424-2020/2020	H9N2	2020	GenBank	no	poultry		1463
OR144597.1	A/poultry/Egypt/A-EGY-CK-V4654-2020/2020	H9N2	2020	GenBank	no	poultry		1463
OR144578.1	A/poultry/Egypt/A-EGY-CK-V6-2020/2020	H9N2	2020	GenBank	no	poultry		1463
OR144581.1	A/poultry/Egypt/A-EGY-CK-V71-2020/2020	H9N2	2020	GenBank	no	poultry		1463
OR144582.1	A/poultry/Egypt/A-EGY-CK-V78-2020/2020	H9N2	2020	GenBank	no	poultry		1463
OR144585.1	A/poultry/Egypt/A-EGY-CK-V905-2020/2020	H9N2	2020	GenBank	no	poultry		1463
OR144586.1	A/poultry/Egypt/A-EGY-CK-V997-2020/2020	H9N2	2020	GenBank	no	poultry		1463
OR144583.1	A/poultry/Egypt/A-EGY-CK-VD44-2020/2020	H9N2	2020	GenBank	no	poultry		1463
OR144607.1	A/poultry/Egypt/A-EGY-CK-VG109-2022/2020	H9N2	2020	GenBank	no	poultry		1463
OR144579.1	A/poultry/Egypt/A-EGY-TK-V16-2020/2020	H9N2	2020	GenBank	no	poultry		1463
EPI_ISL_17885868	A/poultry/Egypt/CK-F1032/2020	H9N2	2020	GISAID	no	Chicken	G5.6	1463
EPI_ISL_17885867	A/poultry/Egypt/CK-F635/2020	H9N2	2020	GISAID	no	Chicken	G5.6	1463
EPI_ISL_17885866	A/poultry/Egypt/CK-FAO-S1/2020	H9N2	2020	GISAID	no	Chicken	G5.6	1463
EPI_ISL_17885865	A/poultry/Egypt/CK-FAO-S14/2020	H9N2	2020	GISAID	no	Chicken	G5.6	1463
EPI_ISL_17885864	A/poultry/Egypt/CK-FAO-S15/2020	H9N2	2020	GISAID	no	Chicken	G5.6	1463
EPI_ISL_17885863	A/poultry/Egypt/CK-FAO-S34/2020	H9N2	2020	GISAID	no	Chicken	G5.6	1463
EPI_ISL_17885862	A/poultry/Egypt/CK-FAO-S51/2020	H9N2	2020	GISAID	no	Chicken	G5.6	1463
EPI_ISL_17885861	A/poultry/Egypt/CK-FAO-S54/2020	H9N2	2020	GISAID	no	Chicken	G5.6	1463
EPI_ISL_17885860	A/poultry/Egypt/CK-FAO-S64/2020	H9N2	2020	GISAID	no	Chicken	G5.6	1463
EPI_ISL_17885859	A/poultry/Egypt/CK-FAO-S68/2020	H9N2	2020	GISAID	no	Chicken	G5.6	1463
EPI_ISL_17885858	A/poultry/Egypt/CK-FAO-SG79/2020	H9N2	2020	GISAID	no	Chicken	G5.6	1463
EPI_ISL_17885857	A/poultry/Egypt/CK-S63/2020	H9N2	2020	GISAID	no	Chicken	G5.6	1463
EPI_ISL_17885856	A/poultry/Egypt/CK-V1980/2020	H9N2	2020	GISAID	no	Chicken	G5.6	1463
EPI_ISL_17885855	A/poultry/Egypt/CK-V2090/2020	H9N2	2020	GISAID	no	Chicken	G5.6	1463
EPI_ISL_17885854	A/poultry/Egypt/CK-V2687/2020	H9N2	2020	GISAID	no	Chicken	G5.6	1463
EPI_ISL_17885853	A/poultry/Egypt/CK-V3049/2020	H9N2	2020	GISAID	no	Chicken	G5.6	1463
EPI_ISL_17885852	A/poultry/Egypt/CK-V3100/2020	H9N2	2020	GISAID	no	Chicken	G5.6	1463
EPI_ISL_17885851	A/poultry/Egypt/CK-V3102/2020	H9N2	2020	GISAID	no	Chicken	G5.6	1463
EPI_ISL_17885850	A/poultry/Egypt/CK-V3162/2020	H9N2	2020	GISAID	no	Chicken	G5.6	1463
EPI_ISL_17885880	A/poultry/Egypt/CK-V3416/2020	H9N2	2020	GISAID	no	Chicken	G5.6	1463
EPI_ISL_17885881	A/poultry/Egypt/CK-V3562/2020	H9N2	2020	GISAID	no	Chicken	G5.6	1463
EPI_ISL_17885882	A/poultry/Egypt/CK-V3831/2020	H9N2	2020	GISAID	no	Chicken	G5.6	1463
EPI_ISL_17885883	A/poultry/Egypt/CK-V4169/2020	H9N2	2020	GISAID	no	Chicken	G5.6	1463
EPI_ISL_17885905	A/poultry/Egypt/CK-V424/2020	H9N2	2020	GISAID	no	Chicken	G5.6	1463
EPI_ISL_17885903	A/poultry/Egypt/CK-V4654/2020	H9N2	2020	GISAID	no	Chicken	G5.6	1463
EPI_ISL_17885901	A/poultry/Egypt/CK-V6/2020	H9N2	2020	GISAID	no	Chicken	G5.6	1463
EPI_ISL_17885900	A/poultry/Egypt/CK-V71/2020	H9N2	2020	GISAID	no	Chicken	G5.6	1463
EPI_ISL_17885898	A/poultry/Egypt/CK-V78/2020	H9N2	2020	GISAID	no	Chicken	G5.6	1463
EPI_ISL_17885897	A/poultry/Egypt/CK-V905/2020	H9N2	2020	GISAID	no	Chicken	G5.6	1463
EPI_ISL_17885895	A/poultry/Egypt/CK-V997/2020	H9N2	2020	GISAID	no	Chicken	G5.6	1463
EPI_ISL_17885893	A/poultry/Egypt/CK-VD44/2020	H9N2	2020	GISAID	no	Chicken	G5.6	1463
EPI_ISL_17885892	A/poultry/Egypt/CK-VG109/2020	H9N2	2020	GISAID	no	Chicken	G5.6	1463
EPI_ISL_17885890	A/poultry/Egypt/TK-V16/2020	H9N2	2020	GISAID	no	Chicken	G5.6	1463
EPI_ISL_94778	A/quail/Egypt/113413v-NLQP/2011(H9N2)	H9N2	2011	GISAID	no	US Quail	Unknown	225
EPI_ISL_123544	A/quail/Egypt/113413v/2011	H9N2	2011	GISAID	yes	Coturnix	G5.6	1683
EPI_ISL_162594	A/quail/Egypt/122313V/2012	H9N2	2012	GISAID	yes	Coturnix	G5.6	1683
EPI_ISL_283156	A/_Quail_/Egypt/1253V/2016	H9N2	2016	GISAID	no	Poultry	G5.6	1680
EPI_ISL_206002	A/quail/Egypt/141267V/2014	H9N2	2014	GISAID	yes	Avian	G5.6	1563
EPI_ISL_206001	A/quail/Egypt/14864V/2014	H9N2	2014	GISAID	yes	Avian	G5.6	1563
EPI_ISL_206003	A/quail/Egypt/152792V/2015	H9N2	2015	GISAID	yes	Avian	G5.6	1622
EPI_ISL_398052	A/QUAIL/Egypt/152890V/2015	H9N2	2015	GISAID	yes	Quail	G5.6	1509
EPI_ISL_229601	A/quail/Egypt/D10093/2014	H9N2	2014	GISAID	yes	Coturnic coturnix	G5.6	1709
EPI_ISL_229598	A/quail/Egypt/D10105/2014	H9N2	2014	GISAID	yes	Coturnic coturnix	G5.6	1717
EPI_ISL_229597	A/quail/Egypt/D10106/2014	H9N2	2014	GISAID	yes	Coturnic coturnix	G5.6	1719
EPI_ISL_229600	A/quail/Egypt/D9842/2014	H9N2	2014	GISAID	yes	Coturnic coturnix	G5.6	1732
MK007990.1	A/quail/Egypt/S13424/2016	H9N2	2016	GenBank	no	Coturnix coturnix		882
PP273151.1	A/Rousettus aegyptiacus/Egypt/381OP/2017	H9N2	2017	GenBank	no	Rousettus aegyptiacus		1740
EPI_ISL_244595	A/swine/Egypt/151/2015	H9N2	2015	GISAID	yes	Swine	G5.6	494
EPI_ISL_244592	A/swine/Egypt/76/2014	H9N2	2014	GISAID	yes	Swine	G5.6	431
EPI_ISL_244593	A/swine/Egypt/82/2014	H9N2	2014	GISAID	yes	Swine	G5.6	417
EPI_ISL_244594	A/swine/Egypt/96/2014	H9N2	2014	GISAID	yes	Swine	G5.6	489
EPI_ISL_162591	A/turkey/Egypt/1341V/2013	H9N2	2013	GISAID	yes	Turkey	G5.6	1683
EPI_ISL_205974	A/turkey/Egypt/1386S/2013	H9N2	2013	GISAID	yes	Turkey	G5.6	1563
EPI_ISL_327435	A/turkey/Egypt/1623FAOS/2016	H9N2	2016	GISAID	yes	Turkey	G5.6	1509
EPI_ISL_19064318	A/turkey/Egypt/BA20489OP/2022	H9N2	2022	GISAID	yes	Turkey	G5.6	1741
EPI_ISL_19064317	A/turkey/Egypt/BA20490OP/2022	H9N2	2022	GISAID	yes	Turkey	G5.6	1741
EPI_ISL_20299618	A/turkey/Egypt/BA21207C/2023	H9N2	2023	GISAID	yes	Turkey	G5.6	1741
EPI_ISL_20299619	A/turkey/Egypt/BA21207OP/2023	H9N2	2023	GISAID	yes	Turkey	G5.6	1741
EPI_ISL_20299620	A/turkey/Egypt/BA21208OP/2023	H9N2	2023	GISAID	yes	Turkey	G5.6	1741
EPI_ISL_20299621	A/turkey/Egypt/BA21209OP/2023	H9N2	2023	GISAID	yes	Turkey	G5.6	1741
EPI_ISL_20299622	A/turkey/Egypt/BA21210OP/2023	H9N2	2023	GISAID	yes	Turkey	G5.6	1741
EPI_ISL_20299623	A/turkey/Egypt/BA21211C/2023	H9N2	2023	GISAID	yes	Turkey	G5.6	1741
EPI_ISL_20299624	A/turkey/Egypt/BA21211OP/2023	H9N2	2023	GISAID	yes	Turkey	G5.6	1741
EPI_ISL_20299625	A/turkey/Egypt/BA21213OP/2023	H9N2	2023	GISAID	yes	Turkey	G5.6	1741
EPI_ISL_20299626	A/turkey/Egypt/BA21214C/2023	H9N2	2023	GISAID	yes	Turkey	G5.6	1741
PV489964.1	A/Turkey/Enshas/H91-Zag Univ-H9N2/2023	H9N2	2023	GenBank	no	turkey		374
EPI_ISL_19827762	A/turkey/Enshas/H91/2023	H9N2	2023	GISAID	no	Turkey	G5.6	374
PV489965.1	A/Turkey/Zagazig/H92-Zag Univ-H9N2/2024	H9N2	2024	GenBank	no	turkey		376
EPI_ISL_19827763	A/turkey/Zagazig/H92/2024	H9N2	2024	GISAID	no	Turkey	G5.6	376
EPI_ISL_14224173	A/Turtle_dove/Egypt/91/2019	H9N2	2019	GISAID	yes	Host	G5.6	1166
