H3_equivalent_position	alignment_column	clade_2.2.1.x_residue	freq_2.2.1.x	clade_2.3.4.4b_residue	freq_2.3.4.4b	classical_antigenic_site	residue_in_H5N8_2016_2019	freq_H5N8_2016_2019	present_in_early_H5N8
54	74	D	0.99	N	1.0	C	N	1.0	yes
62	82	R	1.0	K	0.995	E	K	0.99	yes
90	111	K	0.987	R	0.984	-	R	0.993	yes
91	112	I	0.953	A	0.921	-	A	0.943	yes
101	123	N	0.991	S	0.919	-	S	0.893	yes
102	124	F	0.983	L	0.982	-	L	1.0	yes
122	144	Q	0.926	L	0.976	A	L	0.99	yes
129	153	D	0.983	N	0.995	A	N	1.0	yes
137	166	S	0.963	A	0.99	A	A	0.993	yes
178	207	V	0.98	I	0.977	-	I	0.983	yes
185	214	P	1.0	S	0.997	-	S	0.997	yes
187	216	D	0.992	N	0.951	B	N	0.95	yes
222	252	K	0.999	Q	1.0	-	Q	1.0	yes
227	257	S	0.976	R	0.997	-	R	0.997	yes
231	261	E	0.999	D	0.941	-	D	1.0	yes
239	269	S	0.991	P	0.998	-	P	0.997	yes
244	274	N	0.996	H	0.998	-	H	0.997	yes
256	286	N	0.984	Y	0.974	-	Y	0.993	yes
272	303	L	1.0	V	0.993	-	V	0.997	yes
276	307	N	0.991	H	0.984	C	H	0.977	yes
285	316	I	0.969	V	0.995	-	V	0.993	yes
313	344	R	0.996	K	0.952	-	K	0.98	yes
